label,n_targets_mapped,frac_DE,null_mean,p,mirna,family,fdr
miR-182-5p|blood_GSE244827,1253,0.0039904229848363925,0.004735754189944133,0.7141285871412859,miR-182-5p,miR-182-5p,0.7451776561474288
miR-182-5p|hipsc_GSE203525,1285,0.2311284046692607,0.12036591439688718,9.999000099990002e-05,miR-182-5p,miR-182-5p,0.00017141143028554288
miR-1-3p|blood_GSE244827,838,0.046539379474940336,0.024755131264916467,0.00019998000199980003,miR-1-3p,miR-1-3p/206,0.00029997000299970003
miR-1-3p|hipsc_GSE203525,867,0.2952710495963091,0.06770080738177625,9.999000099990002e-05,miR-1-3p,miR-1-3p/206,0.00017141143028554288
miR-206|blood_GSE244827,838,0.002386634844868735,0.0047689737470167064,0.9135086491350864,miR-206,miR-1-3p/206,0.9135086491350864
miR-206|hipsc_GSE203525,867,0.19953863898500576,0.12041337946943484,9.999000099990002e-05,miR-206,miR-1-3p/206,0.00017141143028554288
miR-30c-5p|blood_GSE244827,1481,0.06144496961512492,0.024730857528696828,9.999000099990002e-05,miR-30c-5p,miR-30-5p,0.00017141143028554288
miR-30c-5p|hipsc_GSE203525,1535,0.23452768729641693,0.0678671661237785,9.999000099990002e-05,miR-30c-5p,miR-30-5p,0.00017141143028554288
miR-125b-5p|blood_GSE244827,871,0.03559127439724455,0.024722502870264066,0.030496950304969503,miR-125b-5p,miR-125-5p,0.03852246354311937
miR-125b-5p|hipsc_GSE203525,900,0.2311111111111111,0.06787433333333333,9.999000099990002e-05,miR-125b-5p,miR-125-5p,0.00017141143028554288
miR-125a-5p|blood_GSE244827,871,0.010332950631458095,0.004737657864523536,0.026297370262973702,miR-125a-5p,miR-125-5p,0.0350631603506316
miR-125a-5p|hipsc_GSE203525,900,0.24222222222222223,0.1203808888888889,9.999000099990002e-05,miR-125a-5p,miR-125-5p,0.00017141143028554288
miR-374b-5p|blood_GSE244827,713,0.005610098176718092,0.00476086956521739,0.44225577442255776,miR-374b-5p,miR-374-5p,0.5054351707686374
miR-374b-5p|hipsc_GSE203525,732,0.1912568306010929,0.12018073770491804,9.999000099990002e-05,miR-374b-5p,miR-374-5p,0.00017141143028554288
miR-199b-5p|blood_GSE244827,595,0.005042016806722689,0.004714285714285714,0.5342465753424658,miR-199b-5p,miR-199-5p,0.5828144458281446
miR-199b-5p|hipsc_GSE203525,607,0.20922570016474465,0.12012059308072487,9.999000099990002e-05,miR-199b-5p,miR-199-5p,0.00017141143028554288
miR-145-5p|blood_GSE244827,863,0.05793742757821553,0.02463939745075319,9.999000099990002e-05,miR-145-5p,miR-145-5p,0.00017141143028554288
miR-145-5p|hipsc_GSE203525,889,0.23509561304836896,0.06782845894263216,9.999000099990002e-05,miR-145-5p,miR-145-5p,0.00017141143028554288
miR-192-5p|blood_GSE244827,206,0.06796116504854369,0.02464563106796116,0.0006999300069993001,miR-192-5p,miR-192-5p/215-5p,0.0009881364804696002
miR-192-5p|hipsc_GSE203525,213,0.22535211267605634,0.06788779342723006,9.999000099990002e-05,miR-192-5p,miR-192-5p/215-5p,0.00017141143028554288
miR-122-5p|blood_GSE244827,210,0.0380952380952381,0.024662857142857146,0.15448455154484553,miR-122-5p,miR-122-5p,0.18538146185381463
miR-122-5p|hipsc_GSE203525,218,0.22477064220183487,0.06773532110091743,9.999000099990002e-05,miR-122-5p,miR-122-5p,0.00017141143028554288
miR-194-5p|blood_GSE244827,441,0.061224489795918366,0.024717913832199543,0.00019998000199980003,miR-194-5p,miR-194-5p,0.00029997000299970003
miR-194-5p|hipsc_GSE203525,454,0.23348017621145375,0.06786806167400881,9.999000099990002e-05,miR-194-5p,miR-194-5p,0.00017141143028554288
