mirna,serum_direction_sev_vs_mild,cliff_d,cardiac_frac_DE_pred_dir,cardiac_fdr,blood_frac_DE_pred_dir,blood_fdr,blood_passes
miR-1294,up,0.646,0.2832,0.00024997500249975,0.0182,0.823485219045663,False
miR-125b-5p,up,0.609,0.2233,0.00024997500249975,0.034,0.20025583648531697,False
miR-769-5p,down,-1.5,0.2456,0.00024997500249975,0.0,1.0,False
miR-1285-3p,up,3.819,0.2101,0.00024997500249975,0.0402,0.135986401359864,False
miR-223-5p,down,-0.615,0.2191,0.00024997500249975,0.0,1.0,False
miR-651-5p,up,0.596,0.2615,0.00024997500249975,0.0175,0.823485219045663,False
miR-375-3p,down,-0.638,0.2097,0.00024997500249975,0.0065,0.463953604639536,False
miR-1301-3p,down,-1.493,0.203,0.00047054118117600003,0.0105,0.2967445190964775,False
miR-182-5p,down,-0.666,0.2067,0.000666600006666,0.0056,0.6764029479405,False
miR-125a-5p,down,-0.6,0.1896,0.0018945473873665263,0.0156,0.05103489651034897,False
miR-20a-3p,down,-0.589,0.2391,0.0035996400359964,0.0,1.0,False
miR-199b-5p,down,-1.633,0.2182,0.004726800047268,0.0183,0.13670061565272046,False
