bootstrap,oob_cindex,n_members,n_screen_pass
0,0.6346306592533757,19,30
1,0.6532188841201717,4,23
2,0.5439770554493308,6,29
3,0.6670212765957447,9,25
4,0.6654309545875811,27,45
5,0.6882629107981221,4,23
6,0.7200315457413249,6,18
7,0.7284974093264248,5,22
8,0.4195859872611465,6,37
9,0.4,7,49
10,0.5046439628482973,6,29
11,0.56318407960199,8,30
12,0.6790450928381963,4,19
13,0.3250201126307321,9,74
14,0.391304347826087,4,29
15,0.7483498349834984,11,34
16,0.6364692218350755,13,30
17,0.641444539982803,14,31
18,0.6980440097799511,11,20
19,0.4598623853211009,7,35
20,0.3784232365145228,6,31
21,0.3299057412167952,6,48
22,0.49759384023099135,6,22
23,0.6592427616926503,19,32
24,0.6701208981001727,8,25
25,0.6094759511844939,12,27
26,0.606951871657754,11,23
27,0.6317135549872123,6,34
28,0.5548504079782411,5,33
29,0.581039755351682,7,23
30,0.6562749800159872,5,20
31,0.5968331303288672,9,21
32,0.4768270944741533,10,57
33,0.6590257879656161,20,36
34,0.40372670807453415,8,26
35,0.6623496762257169,7,29
36,0.5854189336235038,15,33
37,0.6826280623608018,8,18
38,0.6094182825484764,6,14
39,0.6492307692307693,12,27
40,0.6384535005224661,3,24
41,0.6815450643776824,10,23
42,0.6692307692307692,3,16
43,0.6824212271973465,11,26
44,0.6308724832214765,9,25
45,0.5671641791044776,6,34
46,0.7436708860759493,6,23
47,0.5549949545913219,4,27
48,0.4478476821192053,8,24
49,0.5899912203687445,7,22
50,0.7519125683060109,11,28
51,0.7054478301015698,4,13
52,0.49584199584199584,6,26
53,0.637089618456078,4,23
54,0.6262948207171315,9,22
55,0.6037539103232534,4,27
56,0.7156789197299325,7,22
57,0.4768370607028754,2,41
58,0.6868778280542986,6,16
59,0.6650755767700876,11,37
60,0.6246472248353716,4,16
61,0.638974358974359,9,21
62,0.58656330749354,8,26
63,0.6383333333333333,21,46
64,0.6440329218106996,5,23
65,0.659217877094972,10,22
66,0.6621621621621622,14,30
67,0.6142034548944337,6,22
68,0.6109215017064846,8,34
69,0.2861990950226244,6,31
70,0.5790494665373423,5,21
71,0.6546700942587832,11,29
72,0.5490196078431373,6,26
73,0.6094182825484764,7,26
74,0.6819787985865724,9,20
75,0.6349911190053286,8,27
76,0.5376068376068376,8,28
77,0.5041446872645065,5,23
78,0.6306156405990017,17,32
79,0.6452599388379205,19,32
80,0.6742712294043093,7,17
81,0.3556521739130435,5,18
82,0.7162471395881007,8,25
83,0.7617866004962779,8,28
84,0.7369477911646586,9,25
85,0.6623115577889447,7,23
86,0.6643564356435644,17,39
87,0.4313326551373347,9,30
88,0.6165703275529865,10,17
89,0.3826086956521739,8,47
90,0.6572815533980583,13,31
91,0.6972833117723156,7,21
92,0.5561277033985582,4,18
93,0.727447216890595,5,31
94,0.5470085470085471,10,34
95,0.6564531104921077,11,35
96,0.6939364773820982,7,30
97,0.718931475029036,4,17
98,0.514792899408284,9,40
99,0.5887850467289719,23,34
100,0.6761061946902654,17,29
101,0.695844385499558,8,33
102,0.6143931256713212,5,30
103,0.5520399666944213,5,37
104,0.5070883315158125,3,26
105,0.4391829155060353,6,19
106,0.5712809917355371,4,23
107,0.6563146997929606,17,29
108,0.6151711378353376,9,21
109,0.5446985446985447,9,18
110,0.5317919075144508,6,27
111,0.5396825396825397,7,36
112,0.6646706586826348,12,20
113,0.4882108183079057,5,32
114,0.5988112927191679,12,30
115,0.38636363636363635,3,26
116,0.5787847579814624,2,14
117,0.7779850746268657,6,20
118,0.6753006475485661,5,26
119,0.6720804331013148,10,16
120,0.5834186284544524,8,25
121,0.7341236240474175,6,21
122,0.6744560838033844,7,35
123,0.6231454005934718,4,38
124,0.5972060535506403,4,20
125,0.7103499627699181,8,38
126,0.42137718396711205,9,38
127,0.6181364392678869,12,35
128,0.610079575596817,5,19
129,0.569811320754717,9,26
130,0.6429192006950478,3,13
131,0.6420737786640079,5,21
132,0.6154661016949152,8,20
133,0.6715025906735751,16,33
134,0.6403574087862993,9,24
135,0.6761729530818767,11,22
136,0.5991332611050921,15,21
137,0.5789473684210527,9,34
138,0.5979938271604939,15,33
139,0.6423200859291085,5,20
140,0.6443341604631927,17,29
141,0.47737068965517243,5,25
142,0.6674107142857143,14,28
143,0.6223628691983122,10,33
144,0.536723163841808,8,43
145,0.6753875968992248,7,20
146,0.24816849816849818,2,22
147,0.5887850467289719,4,22
148,0.6354256233877902,8,28
149,0.45219638242894056,11,32
150,0.5941176470588235,12,33
151,0.6210526315789474,6,20
152,0.6026548672566372,9,39
153,0.5652173913043478,7,22
154,0.666934835076428,12,33
155,0.3996003996003996,6,24
156,0.5766666666666667,4,10
157,0.6255044390637611,5,27
158,0.71875,7,24
159,0.5491803278688525,9,27
160,0.7316017316017316,13,28
161,0.6802325581395349,4,20
162,0.45410628019323673,7,29
163,0.4916839916839917,8,32
164,0.5464333781965006,8,17
165,0.5810363836824697,8,29
166,0.47920433996383366,3,22
167,0.707089552238806,2,20
168,0.6015037593984962,13,30
169,0.6502963590177815,8,23
170,0.4724264705882353,5,25
171,0.379978471474704,5,37
172,0.6528066528066528,8,23
173,0.5286839145106862,11,34
174,0.4805327868852459,6,28
175,0.6169686985172982,4,20
176,0.6630615640599001,7,18
177,0.6245551601423488,6,18
178,0.615032080659945,6,17
179,0.5972350230414747,4,21
180,0.6524329692154915,6,24
181,0.560374149659864,5,20
182,0.6988577362409139,6,22
183,0.6223140495867768,4,24
184,0.5772925764192139,17,36
185,0.4079728583545377,5,28
186,0.38716981132075473,6,41
187,0.6784351145038168,14,28
188,0.6599362380446334,9,23
189,0.3728251864125932,3,49
190,0.5653964984552008,4,22
191,0.5064782096584217,9,21
192,0.6897253306205493,8,24
193,0.6275272161741835,5,25
194,0.4756703078450844,8,33
195,0.7342657342657343,3,21
196,0.6568627450980392,14,28
197,0.7369439071566731,6,16
198,0.6966773847802786,5,31
199,0.5087538619979403,12,38
200,0.4756521739130435,7,26
201,0.6798964624676446,20,35
202,0.5934718100890207,9,30
203,0.6271050521251003,16,27
204,0.3413585554600172,5,33
205,0.597770154373928,12,30
206,0.5665399239543726,9,28
207,0.6261107313738893,9,29
208,0.7157643312101911,5,21
209,0.5400943396226415,13,38
210,0.4262135922330097,7,37
211,0.6554276315789473,9,25
212,0.5510416666666667,14,31
213,0.5333333333333333,4,29
214,0.5464566929133858,12,24
215,0.6278280542986425,10,24
216,0.6369359916054564,7,29
217,0.5742331288343558,6,15
218,0.6067677946324388,8,26
219,0.5305039787798409,4,38
220,0.6685330347144457,8,29
221,,0,23
222,0.6032432432432432,11,35
223,0.47690655209452204,9,35
224,0.7510822510822511,7,20
225,0.6097838452787259,4,40
226,0.70625,4,18
227,0.5329512893982808,6,34
228,0.6448893572181243,14,27
229,0.681783243658724,4,25
230,0.5189873417721519,10,46
231,0.5945730247406225,8,37
232,0.6868867082961642,5,22
233,0.6936353829557713,2,21
234,0.659114315139032,9,15
235,0.7008227374719521,12,27
236,0.609347442680776,8,38
237,0.6795937211449676,8,29
238,0.5384615384615384,7,33
239,0.40063846767757383,7,29
240,0.34608540925266906,7,37
241,0.613664596273292,5,22
242,0.6766917293233082,10,27
243,0.6663316582914572,10,36
244,0.6811023622047244,7,24
245,0.6388059701492538,3,21
246,0.6402393418100224,17,37
247,0.453740157480315,6,32
248,0.7234285714285714,10,25
249,0.6129612961296129,3,16
250,0.42771599657827203,7,42
251,0.4774396642182581,2,18
252,0.5666400638467678,5,32
253,0.5945945945945946,4,20
254,0.5636208368915457,5,27
255,0.6651053864168618,7,30
256,0.6014127144298688,13,29
257,0.6144578313253012,10,28
258,0.6860782529572339,6,22
259,0.5259792166266987,6,44
260,0.6645962732919255,19,32
261,0.6118421052631579,10,45
262,0.28773168578993824,8,61
263,0.688479262672811,7,20
264,0.5501730103806228,2,37
265,0.6184773310521814,12,29
266,0.6171171171171171,9,19
267,0.6849434290687555,7,27
268,0.5869853917662683,4,20
269,0.6765067650676507,22,39
270,0.6906552094522019,8,23
271,0.4057738572574178,7,33
272,0.27915518824609736,3,24
273,0.44377682403433477,12,44
274,0.7225433526011561,12,26
275,0.6689834926151172,15,30
276,0.46828358208955223,7,33
277,0.6788256227758007,12,28
278,0.7270588235294118,17,30
279,0.6395233366434955,8,20
280,0.350471293916024,8,41
281,0.6396303901437371,11,31
282,0.5888240200166805,12,25
283,0.555667001003009,6,30
284,0.6562905317769131,8,28
285,0.3196405648267009,5,29
286,0.6081982840800763,6,23
287,0.5955955955955956,3,22
288,0.6815834767641996,5,22
289,0.5695906432748538,11,45
290,0.5721925133689839,9,33
291,0.6554132712456344,6,33
292,0.7376744186046512,10,24
293,0.3772652388797364,3,26
294,0.5680304471931494,8,26
295,0.6158245948522403,10,38
296,0.24897959183673468,3,34
297,0.7243035542747358,5,33
298,0.6696869851729819,18,36
299,0.585792349726776,5,16
300,0.3206429780033841,5,42
301,0.6030795551753636,6,30
302,0.6405451448040886,9,27
303,0.33902877697841727,6,57
304,0.7635555555555555,7,23
305,0.6401486988847583,19,41
306,0.6417791898332009,12,29
307,0.6341013824884792,14,31
308,0.6908396946564885,6,15
309,0.6491092176607282,10,23
310,0.6753381893860562,9,27
311,0.693950177935943,13,26
312,0.6400384985563041,5,13
313,0.6853146853146853,2,17
314,0.6224226804123711,28,45
315,0.5377258235919234,5,34
316,0.6643632773938796,13,23
317,0.6932223543400713,12,26
318,0.4174932371505861,10,40
319,0.611633875106929,7,31
320,0.6637931034482759,12,36
321,0.486096807415036,6,19
322,0.6663306451612904,7,22
323,0.7148846960167715,5,25
324,0.4120762711864407,3,28
325,0.5324357405140759,3,18
326,0.6888519134775375,8,20
327,0.5841073271413829,5,19
328,0.31064237775647174,4,20
329,0.5503003003003003,4,28
330,0.6956521739130435,7,28
331,0.6122823098075161,11,28
332,0.5701598579040853,4,27
333,0.4212152420185376,5,43
334,0.5915678524374176,30,46
335,0.5886699507389163,5,20
336,0.5460122699386503,5,37
337,0.7134670487106017,9,17
338,0.570168404170008,12,30
339,0.7391304347826086,5,21
340,0.7343927355278093,9,33
341,0.6304549675023212,6,19
342,0.5664263645726055,4,19
343,0.526498696785404,3,20
344,0.5362318840579711,7,28
345,0.36550491510277033,3,25
346,0.44221585482330467,11,67
347,0.5815295815295816,7,23
348,0.7169811320754716,3,17
349,0.5764235764235764,8,30
350,0.7132680320569902,10,33
351,0.5579240037071362,8,39
352,0.5768194070080862,10,21
353,0.585261353898886,8,28
354,0.6703601108033241,12,29
355,0.4540682414698163,6,39
356,0.7307274701411509,9,20
357,0.6005056890012642,8,25
358,0.7132429614181439,7,25
359,0.3911504424778761,4,35
360,0.5256696428571429,15,38
361,0.6674491392801252,4,40
362,0.6459438968915845,4,21
363,0.6874409820585458,6,25
364,0.596523330283623,3,18
365,0.7267025089605734,10,31
366,0.5072815533980582,16,48
367,0.38372093023255816,8,45
368,0.6114109483423285,15,31
369,0.541259982253771,3,29
370,0.5957854406130269,8,19
371,0.6360924683072334,5,13
372,0.637911464245176,5,27
373,0.528441879637263,7,25
374,0.4013346043851287,6,33
375,0.5036086607858862,8,38
376,0.5775635407537248,10,25
377,0.6979166666666666,8,29
378,0.34796926454445665,8,26
379,0.5796645702306079,10,40
380,0.6459854014598541,8,17
381,0.6925373134328359,9,21
382,0.6842601319509897,12,32
383,0.6044568245125348,9,26
384,0.45607808340727596,9,34
385,0.5815931941221965,1,15
386,0.6243441762854145,8,32
387,0.3286071726438699,6,19
388,0.423956931359354,3,32
389,0.503099173553719,5,28
390,0.6526315789473685,18,33
391,0.6106666666666667,9,29
392,0.5836177474402731,6,20
393,0.6296887470071828,5,31
394,0.6943268416596104,5,23
395,0.6497777777777778,18,35
396,0.5305699481865285,2,18
397,0.5590979782270606,8,39
398,0.553347280334728,2,29
399,0.5594594594594594,5,38
400,0.693200663349917,8,26
401,0.4103992571959146,9,34
402,0.665258711721225,6,28
403,0.6173096976016684,9,43
404,0.6173570019723866,5,17
405,0.7113676731793961,9,24
406,0.419698314108252,7,32
407,0.48546824542518835,2,27
408,0.39667705088265837,2,14
409,0.5384036144578314,7,54
410,0.6328382838283828,5,17
411,0.6690751445086706,6,20
412,0.5996131528046421,15,34
413,0.6363636363636364,13,27
414,0.6071784646061814,5,23
415,0.5577464788732395,4,15
416,0.5517841601392516,7,27
417,0.5805763073639274,8,23
418,0.6731946144430845,4,17
419,0.5491071428571429,7,25
420,0.75,8,25
421,0.5624461670973299,9,34
422,0.40457256461232605,4,30
423,0.37,12,44
424,0.52423900789177,4,16
425,0.5786758383490972,4,23
426,0.7114093959731543,6,17
427,0.7082936129647283,15,23
428,0.7107309486780715,15,29
429,0.6820083682008368,11,35
430,0.7455242966751918,12,25
431,0.5769561478933792,6,21
432,0.6339937434827946,6,22
433,0.33304119193689746,4,21
434,0.32651072124756336,4,33
435,0.454123112659698,3,24
436,0.5877413937867338,6,26
437,0.6830409356725147,9,25
438,0.5248917748917749,4,24
439,0.6317657497781721,12,32
440,0.788107202680067,10,25
441,0.6652360515021459,7,18
442,0.644506001846722,18,34
443,0.6478733926805144,14,29
444,0.5077559462254395,7,46
445,0.5720653789004457,6,22
446,0.7229845626072041,4,22
447,0.5790513833992095,7,26
448,0.63881636205396,11,25
449,0.7408993576017131,12,26
450,0.5307486631016043,6,22
451,0.5538954108858057,5,17
452,0.5759615384615384,9,20
453,0.645895153313551,15,29
454,0.6056338028169014,9,24
455,0.682738669238187,14,33
456,0.6160298229263746,10,38
457,0.47324414715719065,5,44
458,0.3954154727793696,4,29
459,0.640495867768595,16,31
460,0.687866927592955,5,35
461,0.6121097445600757,6,40
462,0.6221919673247107,8,39
463,0.5560407569141194,6,41
464,0.5701030927835051,5,27
465,0.5132819194515853,7,23
466,0.7230614300100705,9,21
467,0.5793708851499634,3,32
468,0.6341719077568134,13,31
469,0.5938759065269944,20,35
470,0.7000946073793756,7,22
471,0.6001926782273603,6,29
472,0.6335944299390774,14,29
473,0.6989032901296112,15,28
474,0.7530329289428076,10,29
475,0.6799544419134397,13,34
476,0.6383981154299175,19,36
477,0.6555819477434679,11,22
478,0.40625,7,34
479,0.5933806146572104,8,25
480,0.6247379454926625,11,28
481,0.34622823984526113,7,38
482,0.48598130841121495,4,33
483,0.6401249024199844,12,28
484,0.6266233766233766,8,16
485,0.6239151398264223,12,32
486,0.6248348745046235,5,21
487,0.7303102625298329,10,37
488,0.6772366930917327,4,23
489,0.5731370745170193,22,34
490,0.6965317919075145,10,26
491,0.47512437810945274,5,21
492,0.3081998114985862,1,29
493,0.6298533218291631,11,25
494,0.5412311265969802,11,29
495,0.5607043558850788,7,41
496,0.42024832855778416,6,36
497,0.44534115920763023,2,26
498,0.6459554513481829,6,17
499,0.4644995722840034,3,30
500,0.6474609375,9,25
501,0.6458123107971746,11,28
502,0.6944444444444444,6,29
503,0.6434316353887399,9,31
504,0.591705069124424,12,28
505,0.5820745216515609,7,42
506,0.7230769230769231,5,26
507,0.5532407407407407,9,36
508,0.6643302180685359,10,22
509,0.6150662251655629,7,36
510,0.5061946902654867,6,25
511,0.5198187995469988,8,34
512,0.6606260296540363,19,39
513,0.6277021617293835,12,29
514,0.5459459459459459,5,22
515,0.33984799131378934,4,27
516,0.4227156276686593,5,41
517,0.7289313640312771,4,26
518,0.5034756703078451,5,42
519,0.6155218554861731,7,37
520,0.6529774127310062,6,24
521,0.5956284153005464,5,15
522,0.6807359307359307,11,29
523,0.6318897637795275,12,29
524,0.6331114808652246,8,32
525,0.7029831387808041,10,23
526,0.5804123711340207,14,22
527,0.5300285986653956,12,33
528,0.5436893203883495,5,30
529,0.6834862385321101,6,22
530,0.3295238095238095,4,44
531,0.6824605153782212,19,36
532,0.6311541565778854,5,27
533,0.5090128755364807,10,32
534,0.6989843028624192,10,25
535,0.5058949624866024,3,16
536,0.632263660017346,3,24
537,0.6896551724137931,11,26
538,0.6949579831932773,17,36
539,0.670755326016785,10,24
540,0.6369426751592356,11,29
541,0.5925553319919518,14,28
542,0.49572649572649574,10,29
543,0.7068004459308808,13,26
544,0.5010822510822511,6,18
545,0.5940279542566709,21,37
546,0.5991253644314869,10,30
547,0.5872689938398358,8,27
548,0.48810656517602286,8,21
549,0.5589155370177268,6,21
550,0.6481312670920693,8,21
551,0.6217765042979942,8,35
552,0.6812913907284768,8,23
553,0.6772438803263826,4,22
554,0.5251046025104602,2,20
555,0.6530849825378346,5,24
556,0.6035196687370601,11,26
557,0.632295719844358,22,41
558,0.4931174089068826,9,42
559,0.49138804457953394,8,30
560,0.50418410041841,6,35
561,0.38341013824884795,8,36
562,0.6905349794238683,5,29
563,0.5097517730496454,6,48
564,0.6314258001939864,14,38
565,0.7391646966115051,8,18
566,0.6286522148916117,9,31
567,0.6319824753559693,6,14
568,0.4051222351571595,6,28
569,0.4808664259927798,8,38
570,0.719650655021834,4,32
571,0.7055276381909548,15,30
572,0.564650059311981,4,26
573,0.6002014098690835,9,29
574,0.592326139088729,9,31
575,0.5915915915915916,11,29
576,0.6075022872827082,11,26
577,0.4431082331174838,7,43
578,0.5502392344497608,2,28
579,0.5634837355718783,6,29
580,0.7106652587117213,9,20
581,0.5543893129770993,6,33
582,0.6670030272452069,9,26
583,0.697928026172301,8,22
584,0.6448132780082988,11,34
585,0.6260364842454395,8,18
586,0.5729166666666666,9,41
587,0.7028508771929824,6,21
588,0.4809027777777778,8,45
589,0.6427898209236569,6,21
590,0.518324607329843,2,17
591,0.5364806866952789,4,40
592,0.5664913598797896,4,34
593,0.6353046594982079,11,30
594,0.6755823986194995,7,31
595,0.577217125382263,16,33
596,0.5038535645472062,7,45
597,0.5452812202097236,4,21
598,0.6385542168674698,8,23
599,0.6368821292775665,16,33
600,0.6589057043073341,9,35
601,0.5592039800995025,8,45
602,0.6971027216856892,10,30
603,0.5114254624591947,4,38
604,0.6339937434827946,9,24
605,0.6008888888888889,4,17
606,0.47461139896373056,6,31
607,0.5945945945945946,8,24
608,0.4867579908675799,11,36
609,0.6382978723404256,12,29
610,0.5560882070949185,4,21
611,0.6471111111111111,19,40
612,0.4573002754820937,4,46
613,0.5327793167128347,11,36
614,0.5479833101529903,9,38
615,0.5961538461538461,10,31
616,0.6115196078431373,15,35
617,0.5004703668861712,2,33
618,0.780952380952381,6,19
619,0.6895893027698186,5,35
620,0.6493993993993994,16,32
621,0.5074626865671642,7,40
622,0.659265584970111,13,35
623,0.6181998021760633,7,31
624,0.6677524429967426,8,22
625,0.5976806422836753,8,28
626,0.6171171171171171,11,29
627,0.7188983855650523,6,23
628,0.42816365366317793,10,41
629,0.6240384615384615,5,19
630,0.3625254582484725,7,21
631,0.6586237712243074,12,25
632,0.2945662535748332,3,30
633,0.45733788395904434,8,45
634,0.6066398390342053,10,31
635,0.6317880794701987,10,27
636,0.7072072072072072,5,22
637,0.629286376274328,3,16
638,0.6136170212765958,4,25
639,0.46145494028230183,7,35
640,0.6406844106463878,15,38
641,0.527367506516073,8,23
642,0.6851851851851852,17,30
643,0.615948670944088,17,32
644,0.6560999039385207,15,31
645,0.6097826086956522,16,32
646,0.5507124895222129,4,16
647,0.65625,10,22
648,0.480257116620753,3,27
649,0.529351184346035,6,30
650,0.6987551867219917,3,31
651,0.7927601809954751,6,17
652,0.7802294792586054,8,20
653,0.5388496468213926,7,23
654,0.7010607521697203,7,16
655,0.5509950248756219,10,35
656,0.6271338724168913,14,31
657,0.7925736235595391,2,11
658,0.6179775280898876,3,20
659,0.6395721925133689,8,41
660,0.540386803185438,5,24
661,0.3998100664767331,5,37
662,0.5998201438848921,4,23
663,0.7225583405358686,11,27
664,0.6164994425863991,7,29
665,0.6825870646766169,14,29
666,0.40846286701208984,5,37
667,0.6959745762711864,19,31
668,0.6457975986277873,10,22
669,0.667621776504298,4,22
670,0.676829268292683,5,26
671,0.6938943894389439,12,34
672,0.519893899204244,6,28
673,0.5182119205298014,7,39
674,0.5546001719690455,9,34
675,0.5283213182286303,5,36
676,0.5967741935483871,23,44
677,0.6231884057971014,5,23
678,0.5959839357429719,17,39
679,0.5856662933930571,4,25
680,0.6290471785383904,9,31
681,0.707395498392283,7,23
682,0.6069210292812778,5,31
683,0.4848800834202294,8,23
684,0.6491071428571429,6,23
685,0.4044943820224719,5,35
686,0.6723989681857265,16,29
687,0.6348547717842323,6,24
688,0.6821457165732586,15,26
689,0.7037896365042536,6,28
690,0.4449760765550239,9,45
691,0.3737704918032787,3,32
692,0.5578842315369261,3,31
693,0.5134474327628362,7,27
694,0.6487845766974015,9,20
695,0.7125683060109289,16,30
696,0.680184331797235,8,26
697,0.5872689938398358,8,28
698,0.48229665071770333,7,27
699,0.694327731092437,9,21
700,0.6163682864450127,8,25
701,0.5511411665257819,6,36
702,0.6579352850539292,7,31
703,0.7175438596491228,11,26
704,0.6705394190871369,13,25
705,0.5371900826446281,4,25
706,0.672573189522342,7,30
707,0.6578947368421053,6,27
708,0.6181455633100698,10,30
709,0.6627027027027027,9,19
710,0.6616961789375583,10,25
711,0.5775862068965517,3,21
712,0.5892514395393474,4,36
713,0.5313432835820896,17,33
714,0.522673031026253,9,28
715,0.5935430463576159,24,40
716,0.49144914491449143,3,19
717,0.484375,6,36
718,0.5910509885535901,5,30
719,0.49561053471668,9,27
720,0.5939698492462312,7,25
721,0.6850746268656717,8,32
722,0.3090778097982709,10,82
723,0.46642246642246643,5,25
724,0.43179765130984643,6,34
725,0.7139896373056995,11,23
726,0.5021496130696474,4,32
727,0.6416184971098265,6,20
728,0.31444759206798867,1,24
729,0.5906389301634473,14,30
730,0.536923076923077,6,32
731,0.6094316807738815,2,24
732,0.6812267657992565,12,31
733,0.635647816750179,12,30
734,0.551693404634581,3,17
735,0.7219770520741394,14,22
736,0.6087704213241617,13,35
737,0.471441523118767,10,31
738,0.7,10,33
739,0.4490950226244344,8,34
740,0.6676328502415458,9,22
741,0.6305015353121801,9,35
742,0.6412729026036644,10,20
743,0.6407867494824017,6,23
744,0.6083650190114068,12,41
745,0.6139534883720931,5,26
746,0.689272503082614,7,22
747,0.6107566089334548,4,24
748,0.7101449275362319,6,22
749,0.7155715571557155,6,25
750,0.6572379367720466,5,27
751,0.4750445632798574,7,30
752,0.5494716618635928,6,36
753,0.5964585274930102,8,20
754,0.5699908508691675,19,37
755,0.6710122699386503,14,31
756,0.47020585048754066,7,47
757,0.6891105569409809,14,29
758,0.39814814814814814,6,44
759,0.4583333333333333,7,19
760,0.6468899521531101,37,62
761,0.6007194244604317,4,31
762,0.6666666666666666,7,26
763,0.6719524281466799,7,21
764,0.7007434944237918,11,25
765,0.5322847682119205,5,29
766,0.5818815331010453,9,19
767,0.45799011532125206,8,33
768,0.6183699870633894,12,29
769,0.73904576436222,5,29
770,0.6203473945409429,8,26
771,0.6399688958009331,8,25
772,0.5904173106646059,4,20
773,0.6858974358974359,10,22
774,0.6284953395472703,8,19
775,0.6666666666666666,7,24
776,0.662379421221865,8,22
777,0.5705263157894737,7,26
778,0.5550510783200908,10,20
779,0.661847389558233,23,36
780,0.6551724137931034,5,15
781,0.6811301715438951,10,27
782,0.6112759643916914,7,24
783,0.5390143737166324,8,19
784,0.4994640943193998,5,37
785,0.4703770197486535,6,31
786,0.5380434782608695,4,23
787,0.4558951965065502,5,36
788,0.7177497575169738,6,22
789,0.6645796064400715,8,23
790,0.5669755686604886,12,29
791,0.6146496815286624,14,30
792,0.5737425404944586,33,49
793,0.6321942446043165,2,27
794,0.578806767586821,6,25
795,0.50920245398773,7,36
796,0.6698641087130296,12,37
797,0.7102439024390244,5,14
798,0.7348119575699132,13,26
799,0.5276872964169381,7,32
800,0.2974976830398517,9,24
801,0.6695485110470701,10,25
802,0.6304932735426009,17,39
803,0.5983522142121525,14,39
804,0.5327342747111682,6,31
805,0.6162706983441325,8,31
806,0.6095617529880478,10,27
807,0.6943793911007026,7,20
808,0.6325940212150434,11,21
809,0.625349487418453,12,28
810,0.561525129982669,12,29
811,0.7055879899916597,12,25
812,0.6554455445544555,14,23
813,0.583417593528817,9,23
814,0.43377777777777776,3,17
815,0.5897693079237714,7,23
816,0.5727969348659003,17,36
817,0.6313594662218516,3,17
818,0.7081545064377682,7,30
819,0.6246122026887281,9,24
820,0.6442953020134228,12,19
821,0.5128205128205128,11,50
822,0.5525192143467123,5,33
823,0.6847290640394089,3,30
824,0.6330178759200841,8,19
825,0.5547098001902949,3,25
826,0.6897506925207756,5,24
827,0.5792437650844731,8,28
828,0.309932785660941,5,42
829,0.507103825136612,3,37
830,0.5923632610939112,7,22
831,0.6957649092480553,13,30
832,0.6641550053821313,3,17
833,0.6040329972502292,15,29
834,0.6892230576441103,8,18
835,0.5717192268565615,7,26
836,0.6548004314994607,13,25
837,0.6716899892357373,12,24
838,0.6455906821963394,9,35
839,0.33030553261767137,7,42
840,0.5459272097053726,5,33
841,0.6536758193091231,9,27
842,0.6253207869974337,11,44
843,0.6521739130434783,7,33
844,0.6043478260869565,4,28
845,0.6563380281690141,20,31
846,0.6925566343042071,4,27
847,0.6850393700787402,2,26
848,0.59192348565356,5,25
849,0.7451523545706371,10,26
850,0.6213408876298395,11,29
851,0.5583756345177665,10,21
852,0.6892980437284235,7,27
853,0.631578947368421,4,17
854,0.66738894907909,12,23
855,0.5671039354187689,8,27
856,0.620384047267356,10,23
857,0.6108156028368794,22,41
858,0.6794871794871795,11,28
859,0.44754464285714285,8,42
860,0.5584415584415584,5,36
861,0.3379073756432247,9,36
862,0.6716122650840751,9,26
863,0.6106604866743917,7,23
864,0.6475485661424607,6,15
865,0.5184866723989682,2,30
866,0.6387024608501118,6,28
867,0.6837763519706691,7,24
868,0.7377654662973222,8,27
869,0.6779487179487179,5,32
870,0.6150978564771669,5,24
871,0.6266816143497758,3,8
872,0.6766766766766766,8,20
873,0.48336798336798337,7,28
874,0.5924563017479301,6,23
875,0.6715116279069767,5,26
876,0.7199612403100775,6,23
877,0.7056105610561056,4,20
878,0.6057692307692307,8,26
879,0.35880077369439073,4,35
880,0.5015243902439024,5,20
881,0.5684121621621622,4,33
882,0.6483390607101948,9,37
883,0.7716204869857263,5,15
884,0.6415261756876663,5,34
885,0.6892612338156893,16,29
886,0.6436436436436437,7,21
887,0.7245053272450532,7,24
888,0.6886792452830188,14,34
889,0.6262099776619509,10,23
890,0.6839145106861643,5,15
891,0.7192982456140351,9,24
892,0.6487695749440716,4,17
893,0.6343416370106761,5,13
894,0.5338904363974002,7,38
895,0.541135573580533,9,39
896,0.3447136563876652,5,40
897,0.33760186263096625,4,28
898,0.6233090530697191,11,26
899,0.6045296167247387,8,26
900,0.5716599190283401,16,31
901,0.6380090497737556,9,27
902,0.6180555555555556,10,23
903,0.6807415036045315,4,19
904,0.6453488372093024,22,37
905,0.5535465924895688,6,26
906,0.6346691519105312,7,20
907,0.21105527638190955,5,36
908,0.7445608380338437,9,33
909,0.6530078465562337,11,25
910,0.6611433305716653,7,32
911,0.5772357723577236,7,24
912,0.44432432432432434,3,29
913,0.59436913451512,8,24
914,0.5701923076923077,5,21
915,0.5546296296296296,10,30
916,0.6472148541114059,8,22
917,0.4331476323119777,7,35
918,0.4654895666131621,4,22
919,0.6360259981429898,9,26
920,0.6328852119958635,4,31
921,0.37996941896024466,6,43
922,0.5608180839612487,3,28
923,0.675564681724846,6,27
924,0.7851772287862513,9,27
925,0.5101088646967341,2,15
926,0.6027397260273972,10,25
927,0.28075970272502065,3,30
928,0.729632945389436,7,19
929,0.6473988439306358,15,30
930,0.5373423860329777,9,32
931,0.7460148777895855,12,23
932,0.6450034940600978,5,36
933,0.3759820426487093,7,26
934,0.3483455882352941,4,21
935,0.6045589692765114,3,19
936,0.480719794344473,9,31
937,0.6161616161616161,19,34
938,0.5080731969860065,9,25
939,0.7116022099447514,5,15
940,0.3378212974296206,5,41
941,0.5727762803234502,7,20
942,0.654913728432108,15,27
943,0.6830225711481845,11,24
944,0.6206618240516546,4,28
945,0.5903413821815154,4,18
946,0.6853415195702226,7,25
947,0.6660287081339713,26,41
948,0.6153846153846154,7,28
949,0.5989911727616646,7,16
950,0.6307435254803676,3,25
951,0.3309128630705394,6,53
952,0.6694091249065071,19,36
953,0.6409302325581395,12,28
954,0.6056458511548332,14,38
955,0.7075471698113207,11,19
956,0.43061062648691517,5,29
957,0.6051693404634582,2,17
958,0.4786689419795222,5,30
959,0.624282982791587,9,22
960,0.5853193517635844,7,34
961,0.533273381294964,13,39
962,0.6557213930348259,17,34
963,0.5032948929159803,6,32
964,0.6385026737967915,11,26
965,0.40953716690042075,1,14
966,0.28846153846153844,4,31
967,0.4871111111111111,5,33
968,0.6227657572906867,8,21
969,0.5328820116054158,5,32
970,0.6025538707102953,10,33
971,0.5559540889526542,9,27
972,0.5936454849498328,18,31
973,0.5077854671280276,7,27
974,0.6560449859418932,9,22
975,0.678453947368421,6,24
976,0.6914225941422594,17,31
977,0.7419898819561551,9,31
978,0.6499339498018494,8,23
979,0.4273399014778325,5,25
980,0.5498458376156218,12,35
981,0.530791788856305,5,29
982,0.5965665236051502,2,26
983,0.7245392822502424,10,25
984,0.6826835902085222,9,29
985,0.6726144297905353,10,25
986,0.6658395368072787,6,29
987,0.5639396346306592,7,42
988,0.6345123258306538,11,21
989,0.5955056179775281,15,33
990,0.5951834862385321,7,20
991,0.7188065099457505,13,32
992,0.6753768844221105,9,30
993,0.4651762682717111,7,42
994,0.6314907872696818,8,26
995,0.6460513796384396,9,29
996,0.4358669833729216,8,50
997,0.72831926323868,5,31
998,0.36009353078721745,3,19
999,0.5033407572383074,3,26
