library,term,overlap,set_size,odds,p,fdr
GO_Biological_Process_2025,Regulation of Transcription by RNA Polymerase II (GO:0006357),11,158,16.27747941281776,3.518090864679295e-10,6.614010825597075e-08
KEGG_2021_Human,Oxytocin signaling pathway,5,19,75.74086378737542,2.6809157525631043e-08,2.520060807409318e-06
KEGG_2021_Human,Proteoglycans in cancer,6,64,22.01998066387367,6.791877545059837e-07,4.2562432615708316e-05
WikiPathways_2024_Human,Wnt Signaling WP428,4,20,52.770833333333336,2.3567323672305654e-06,0.00011076642125983657
GO_Biological_Process_2025,Negative Regulation of DNA-templated Transcription (GO:0045892),6,84,16.3666427030913,3.3996746841259016e-06,0.0001278277681231339
KEGG_2021_Human,Wnt signaling pathway,4,23,44.43567251461988,4.258872760605356e-06,0.00013344467983230116
WikiPathways_2024_Human,Pleural Mesothelioma WP5087,6,92,14.841556183438383,5.776558280948357e-06,0.00014190315934612551
KEGG_2021_Human,Cushing syndrome,4,25,40.20194003527337,6.038432312601086e-06,0.00014190315934612551
GO_Biological_Process_2025,Positive Regulation of Transcription by RNA Polymerase II (GO:0045944),6,109,12.387351420016332,1.533010023727316e-05,0.0002216968342005657
WikiPathways_2024_Human,ErbB Signaling WP673,4,30,32.46723646723647,1.2837679440952491e-05,0.0002216968342005657
KEGG_2021_Human,Glioma,4,31,31.264060356652948,1.46841823945113e-05,0.0002216968342005657
WikiPathways_2024_Human,Cancer Pathways WP5434,6,105,12.88898329085245,1.2378946584044759e-05,0.0002216968342005657
KEGG_2021_Human,Pathways in cancer,6,108,12.509070918086861,1.4544054323735826e-05,0.0002216968342005657
WikiPathways_2024_Human,TGF Beta Signaling Pathway WP366,4,35,27.227598566308245,2.4070509527108482e-05,0.00030168371940642627
WikiPathways_2024_Human,Nuclear Receptors Meta Pathway WP2882,4,35,27.227598566308245,2.4070509527108482e-05,0.00030168371940642627
GO_Biological_Process_2025,Regulation of Protein Localization to Plasma Membrane (GO:1903076),3,13,63.04147465437788,3.0118446524167893e-05,0.00031457044147464245
GO_Biological_Process_2025,Positive Regulation of Cell Adhesion (GO:0045785),3,13,63.04147465437788,3.0118446524167893e-05,0.00031457044147464245
GO_Biological_Process_2025,Integrin-Mediated Signaling Pathway (GO:0007229),3,13,63.04147465437788,3.0118446524167893e-05,0.00031457044147464245
GO_Biological_Process_2025,Regulation of DNA-templated Transcription (GO:0006355),6,131,10.202242990654206,4.334592313499419e-05,0.00037041061588085944
GO_Biological_Process_2025,Protein Modification Process (GO:0036211),4,40,23.44341563786008,4.123055292087682e-05,0.00037041061588085944
KEGG_2021_Human,Human T-cell leukemia virus 1 infection,4,40,23.44341563786008,4.123055292087682e-05,0.00037041061588085944
GO_Biological_Process_2025,Positive Regulation of DNA-templated Transcription (GO:0045893),6,130,10.284745251733494,4.152541118721065e-05,0.00037041061588085944
GO_Biological_Process_2025,Positive Regulation of Cellular Process (GO:0048522),5,81,13.933292533659731,4.6382383913145446e-05,0.0003726846711666119
KEGG_2021_Human,Oocyte meiosis,3,15,52.53225806451613,4.75767665319079e-05,0.0003726846711666119
GO_Biological_Process_2025,Regulation of Cell Adhesion (GO:0030155),3,17,45.02567478604345,7.060099268500987e-05,0.0005309194649912742
KEGG_2021_Human,Calcium signaling pathway,3,20,37.07752778530767,0.00011710808718270282,0.000846781553474928
WikiPathways_2024_Human,Wnt Signaling And Pluripotency WP399,3,21,35.01689708141321,0.00013614271761311025,0.000947956700417212
GO_Biological_Process_2025,Cellular Response to Lipid (GO:0071396),3,25,28.64767490573942,0.0002321223883923983,0.0011794326761559698
WikiPathways_2024_Human,Mesodermal Commitment Pathway WP2857,3,24,30.012508229098092,0.00020499231366282247,0.0011794326761559698
WikiPathways_2024_Human,Vitamin D Receptor Pathway WP2877,3,24,30.012508229098092,0.00020499231366282247,0.0011794326761559698
KEGG_2021_Human,Diabetic cardiomyopathy,3,24,30.012508229098092,0.00020499231366282247,0.0011794326761559698
GO_Biological_Process_2025,Positive Regulation of Mononuclear Cell Migration (GO:0071677),2,5,139.4709480122324,0.000227216448472263,0.0011794326761559698
GO_Biological_Process_2025,Regulation of Rho Protein Signal Transduction (GO:0035023),2,5,139.4709480122324,0.000227216448472263,0.0011794326761559698
GO_Biological_Process_2025,Regulation of Type II Interferon Production (GO:0032649),2,5,139.4709480122324,0.000227216448472263,0.0011794326761559698
GO_Biological_Process_2025,Positive Regulation of Catalytic Activity (GO:0043085),2,5,139.4709480122324,0.000227216448472263,0.0011794326761559698
GO_Biological_Process_2025,Negative Regulation of Signaling (GO:0023057),2,5,139.4709480122324,0.000227216448472263,0.0011794326761559698
GO_Biological_Process_2025,Positive Regulation of Phagocytosis (GO:0050766),2,5,139.4709480122324,0.000227216448472263,0.0011794326761559698
KEGG_2021_Human,Human papillomavirus infection,4,63,14.297237915881984,0.00024651297618146124,0.001198944302138956
KEGG_2021_Human,ErbB signaling pathway,3,26,27.401522740933682,0.0002614718956792404,0.001198944302138956
WikiPathways_2024_Human,Chromosomal And Microsatellite Instability In Colorectal Cancer WP4216,3,26,27.401522740933682,0.0002614718956792404,0.001198944302138956
KEGG_2021_Human,Cell cycle,3,26,27.401522740933682,0.0002614718956792404,0.001198944302138956
GO_Biological_Process_2025,Negative Regulation of Transcription by RNA Polymerase II (GO:0000122),4,65,13.827868852459016,0.0002780985306847586,0.0012448219944936815
GO_Biological_Process_2025,Regulation of Cell Differentiation (GO:0045595),3,27,26.25921658986175,0.0002931165625440491,0.001252407130870028
WikiPathways_2024_Human,Spinal Cord Injury WP2431,3,27,26.25921658986175,0.0002931165625440491,0.001252407130870028
WikiPathways_2024_Human,Renin Angiotensin Aldosterone System RAAS WP4756,2,6,104.60091743119266,0.00033974506028484257,0.0013035116598683755
WikiPathways_2024_Human,DNA Repair Pathways Full Network WP4946,2,6,104.60091743119266,0.00033974506028484257,0.0013035116598683755
WikiPathways_2024_Human,Small Cell Lung Cancer WP4658,3,28,25.208294930875574,0.0003271308866362506,0.0013035116598683755
GO_Biological_Process_2025,Skin Development (GO:0043588),2,6,104.60091743119266,0.00033974506028484257,0.0013035116598683755
KEGG_2021_Human,Small cell lung cancer,3,28,25.208294930875574,0.0003271308866362506,0.0013035116598683755
KEGG_2021_Human,MicroRNAs in cancer,4,70,12.778900112233446,0.0003696365417368337,0.0013898333969304946
GO_Biological_Process_2025,Positive Regulation of Cell Population Proliferation (GO:0008284),4,72,12.402505446623094,0.00041165378331965794,0.001517468848315602
GO_Biological_Process_2025,Negative Regulation of Apoptotic Process (GO:0043066),4,74,12.047619047619047,0.00045697308808261613,0.0016506991547102204
GO_Biological_Process_2025,Regulation of Phagocytosis (GO:0050764),2,7,83.6788990825688,0.0004741369912465527,0.0016506991547102204
WikiPathways_2024_Human,miRNAs Involved In DNA Damage Response WP1545,2,7,83.6788990825688,0.0004741369912465527,0.0016506991547102204
KEGG_2021_Human,Viral myocarditis,2,8,69.7308868501529,0.0006301816561548648,0.0019108734089857192
KEGG_2021_Human,JAK-STAT signaling pathway,3,34,20.326594321391408,0.0005849996248264954,0.0019108734089857192
GO_Biological_Process_2025,Regulation of BMP Signaling Pathway (GO:0030510),2,8,69.7308868501529,0.0006301816561548648,0.0019108734089857192
GO_Biological_Process_2025,Positive Regulation of Endocytosis (GO:0045807),2,8,69.7308868501529,0.0006301816561548648,0.0019108734089857192
GO_Biological_Process_2025,BMP Signaling Pathway (GO:0030509),2,8,69.7308868501529,0.0006301816561548648,0.0019108734089857192
GO_Biological_Process_2025,Positive Regulation of Osteoblast Differentiation (GO:0045669),2,8,69.7308868501529,0.0006301816561548648,0.0019108734089857192
KEGG_2021_Human,Colorectal cancer,3,34,20.326594321391408,0.0005849996248264954,0.0019108734089857192
GO_Biological_Process_2025,Protein Phosphorylation (GO:0006468),3,34,20.326594321391408,0.0005849996248264954,0.0019108734089857192
KEGG_2021_Human,Pathways of neurodegeneration,3,36,19.09384164222874,0.0006930966446578651,0.0020682883999314067
GO_Biological_Process_2025,Protein Transport (GO:0015031),2,9,59.76802096985583,0.000807669971773156,0.0022662978312440797
GO_Biological_Process_2025,Cellular Response to BMP Stimulus (GO:0071773),2,9,59.76802096985583,0.000807669971773156,0.0022662978312440797
GO_Biological_Process_2025,Positive Regulation of Protein Localization to Plasma Membrane (GO:1903078),2,9,59.76802096985583,0.000807669971773156,0.0022662978312440797
GO_Biological_Process_2025,Positive Regulation of Protein Localization to Cell Periphery (GO:1904377),2,9,59.76802096985583,0.000807669971773156,0.0022662978312440797
GO_Biological_Process_2025,Positive Regulation of Defense Response (GO:0031349),2,10,52.29587155963303,0.001006394347371322,0.0024823042920885698
GO_Biological_Process_2025,Regulation of Interleukin-12 Production (GO:0032655),2,10,52.29587155963303,0.001006394347371322,0.0024823042920885698
GO_Biological_Process_2025,Regulation of Signal Transduction (GO:0009966),2,10,52.29587155963303,0.001006394347371322,0.0024823042920885698
GO_Biological_Process_2025,Negative Regulation of RNA Biosynthetic Process (GO:1902679),3,41,16.579674993936454,0.0010166884600575526,0.0024823042920885698
GO_Biological_Process_2025,Cellular Response to Oxygen-Containing Compound (GO:1901701),3,41,16.579674993936454,0.0010166884600575526,0.0024823042920885698
WikiPathways_2024_Human,Wnt Beta Catenin Signaling In Leukemia WP3658,2,10,52.29587155963303,0.001006394347371322,0.0024823042920885698
KEGG_2021_Human,Aldosterone synthesis and secretion,2,10,52.29587155963303,0.001006394347371322,0.0024823042920885698
WikiPathways_2024_Human,Influence Of Laminopathies On Wnt Signaling WP4844,2,10,52.29587155963303,0.001006394347371322,0.0024823042920885698
GO_Biological_Process_2025,Positive Regulation of T Cell Activation (GO:0050870),2,10,52.29587155963303,0.001006394347371322,0.0024823042920885698
GO_Biological_Process_2025,Positive Regulation of Inflammatory Response (GO:0050729),2,10,52.29587155963303,0.001006394347371322,0.0024823042920885698
KEGG_2021_Human,ECM-receptor interaction,2,11,46.484199796126404,0.0012261486753219384,0.0026401159271722515
KEGG_2021_Human,Hematopoietic cell lineage,2,11,46.484199796126404,0.0012261486753219384,0.0026401159271722515
WikiPathways_2024_Human,Physiological And Pathological Hypertrophy Of The Heart WP1528,2,11,46.484199796126404,0.0012261486753219384,0.0026401159271722515
KEGG_2021_Human,Cellular senescence,3,44,15.36551646622457,0.0012498421144592042,0.0026401159271722515
KEGG_2021_Human,Kaposi sarcoma-associated herpesvirus infection,3,44,15.36551646622457,0.0012498421144592042,0.0026401159271722515
KEGG_2021_Human,Gastric cancer,3,44,15.36551646622457,0.0012498421144592042,0.0026401159271722515
GO_Biological_Process_2025,Positive Regulation of Response to External Stimulus (GO:0032103),2,11,46.484199796126404,0.0012261486753219384,0.0026401159271722515
GO_Biological_Process_2025,Regulation of Endothelial Cell Apoptotic Process (GO:2000351),2,11,46.484199796126404,0.0012261486753219384,0.0026401159271722515
GO_Biological_Process_2025,Response to Calcium Ion (GO:0051592),2,11,46.484199796126404,0.0012261486753219384,0.0026401159271722515
KEGG_2021_Human,Amphetamine addiction,2,11,46.484199796126404,0.0012261486753219384,0.0026401159271722515
KEGG_2021_Human,Long-term potentiation,2,11,46.484199796126404,0.0012261486753219384,0.0026401159271722515
GO_Biological_Process_2025,Positive Regulation of Protein Localization to Membrane (GO:1905477),2,11,46.484199796126404,0.0012261486753219384,0.0026401159271722515
WikiPathways_2024_Human,Breast Cancer Pathway WP4262,3,45,14.999341672152733,0.0013344045551645556,0.0027567918282520487
KEGG_2021_Human,Hepatocellular carcinoma,3,45,14.999341672152733,0.0013344045551645556,0.0027567918282520487
GO_Biological_Process_2025,Regulation of Cellular Component Organization (GO:0051128),2,12,41.8348623853211,0.0014667283217516664,0.002902578152519087
KEGG_2021_Human,Breast cancer,3,46,14.650198263851678,0.0014224807040062173,0.002902578152519087
WikiPathways_2024_Human,Hair Follicle Development Organogenesis Part 2 Of 3 WP2839,2,12,41.8348623853211,0.0014667283217516664,0.002902578152519087
KEGG_2021_Human,Thyroid cancer,2,12,41.8348623853211,0.0014667283217516664,0.002902578152519087
GO_Biological_Process_2025,Regulation of Neuron Projection Development (GO:0010975),2,13,38.03085904920767,0.0017279301172475764,0.003348977959201488
KEGG_2021_Human,Basal cell carcinoma,2,13,38.03085904920767,0.0017279301172475764,0.003348977959201488
KEGG_2021_Human,Glucagon signaling pathway,2,14,34.86085626911315,0.0020095523476180953,0.0038161196096182016
WikiPathways_2024_Human,miRNA Regulation Of Prostate Cancer Signaling WP3981,2,14,34.86085626911315,0.0020095523476180953,0.0038161196096182016
WikiPathways_2024_Human,Overlap Between Signal Transduction Pathways LMNA Laminopathies WP4879,2,15,32.17854622441779,0.002311394744708278,0.0043023981386649136
GO_Biological_Process_2025,Response to UV (GO:0009411),2,15,32.17854622441779,0.002311394744708278,0.0043023981386649136
KEGG_2021_Human,Human cytomegalovirus infection,3,55,12.112194257355547,0.0023817550397796316,0.004389901445868341
GO_Biological_Process_2025,Regulation of Osteoblast Differentiation (GO:0045667),2,16,29.879423328964613,0.002633258477269066,0.004670307487986646
WikiPathways_2024_Human,Primary Focal Segmental Glomerulosclerosis FSGS WP2572,2,16,29.879423328964613,0.002633258477269066,0.004670307487986646
WikiPathways_2024_Human,lncRNA In Canonical Wnt Signaling And Colorectal Cancer WP4258,2,16,29.879423328964613,0.002633258477269066,0.004670307487986646
KEGG_2021_Human,Dopaminergic synapse,2,16,29.879423328964613,0.002633258477269066,0.004670307487986646
WikiPathways_2024_Human,Cardiac Hypertrophic Response WP2795,2,17,27.8868501529052,0.002974946141880274,0.00508445340612265
WikiPathways_2024_Human,G1 To S Cell Cycle Control WP45,2,17,27.8868501529052,0.002974946141880274,0.00508445340612265
KEGG_2021_Human,Melanogenesis,2,17,27.8868501529052,0.002974946141880274,0.00508445340612265
GO_Biological_Process_2025,Transforming Growth Factor Beta Receptor Superfamily Signaling Pathway (GO:0141091),2,17,27.8868501529052,0.002974946141880274,0.00508445340612265
WikiPathways_2024_Human,IL11 Signaling WP2332,2,18,26.14334862385321,0.0033362617539269587,0.005600153658377395
WikiPathways_2024_Human,ncRNAs In Wnt Signaling In Hepatocellular Carcinoma WP4336,2,18,26.14334862385321,0.0033362617539269587,0.005600153658377395
WikiPathways_2024_Human,Physico Chemical Features And Toxicity Associated Pathways WP3680,2,19,24.604964921748515,0.0037170107386289117,0.005972632639848165
WikiPathways_2024_Human,Retinoblastoma Gene In Cancer WP2446,2,19,24.604964921748515,0.0037170107386289117,0.005972632639848165
WikiPathways_2024_Human,DNA Damage Response WP707,2,19,24.604964921748515,0.0037170107386289117,0.005972632639848165
WikiPathways_2024_Human,miRNA Regulation Of DNA Damage Response WP1530,2,19,24.604964921748515,0.0037170107386289117,0.005972632639848165
GO_Biological_Process_2025,Negative Regulation of Cytokine Production (GO:0001818),2,19,24.604964921748515,0.0037170107386289117,0.005972632639848165
WikiPathways_2024_Human,PI3K Akt Signaling WP4172,3,65,10.15638471829939,0.0038286466242596446,0.006099877672549265
WikiPathways_2024_Human,Hepatitis C And Hepatocellular Carcinoma WP3646,2,20,23.2375127420999,0.004116999922122934,0.0062926502874724516
KEGG_2021_Human,p53 signaling pathway,2,20,23.2375127420999,0.004116999922122934,0.0062926502874724516
WikiPathways_2024_Human,P53 Transcriptional Gene Network WP4963,2,20,23.2375127420999,0.004116999922122934,0.0062926502874724516
WikiPathways_2024_Human,T Cell Activation SARS CoV 2 WP5098,2,20,23.2375127420999,0.004116999922122934,0.0062926502874724516
WikiPathways_2024_Human,Bladder Cancer WP2828,2,20,23.2375127420999,0.004116999922122934,0.0062926502874724516
KEGG_2021_Human,PI3K-Akt signaling pathway,3,68,9.686990428925913,0.004346804005135153,0.006590315749721039
WikiPathways_2024_Human,Endoderm Differentiation WP2853,2,21,22.014002897151133,0.004536037522597651,0.006822200433986867
WikiPathways_2024_Human,Polycystic Kidney Disease Pathway WP2571,2,22,20.912844036697248,0.004973933141480514,0.007305464301549504
WikiPathways_2024_Human,Photodynamic Therapy Induced AP 1 Survival Signaling WP3611,2,22,20.912844036697248,0.004973933141480514,0.007305464301549504
KEGG_2021_Human,"Parathyroid hormone synthesis, secretion and action",2,22,20.912844036697248,0.004973933141480514,0.007305464301549504
WikiPathways_2024_Human,Acute Viral Myocarditis WP4298,2,23,19.91655744866754,0.005430497754676725,0.00785333521445557
KEGG_2021_Human,Bladder cancer,2,23,19.91655744866754,0.005430497754676725,0.00785333521445557
GO_Biological_Process_2025,Positive Regulation of Intracellular Signal Transduction (GO:1902533),3,74,8.867203219315895,0.0055055569608803605,0.007901104646148915
WikiPathways_2024_Human,Androgen Receptor Signaling WP138,2,24,19.010842368640535,0.005905543703859804,0.008285389674071964
GO_Biological_Process_2025,Phosphorylation (GO:0016310),2,24,19.010842368640535,0.005905543703859804,0.008285389674071964
GO_Biological_Process_2025,Regulation of Inflammatory Response (GO:0050727),2,24,19.010842368640535,0.005905543703859804,0.008285389674071964
KEGG_2021_Human,Endometrial cancer,2,25,18.183885121659355,0.006398884687813498,0.008717321168905345
WikiPathways_2024_Human,Ebola Virus Infection In Host WP4217,2,25,18.183885121659355,0.006398884687813498,0.008717321168905345
WikiPathways_2024_Human,Cell Cycle WP179,2,25,18.183885121659355,0.006398884687813498,0.008717321168905345
GO_Biological_Process_2025,Positive Regulation of Developmental Process (GO:0051094),2,25,18.183885121659355,0.006398884687813498,0.008717321168905345
GO_Biological_Process_2025,Nervous System Development (GO:0007399),2,26,17.42584097859327,0.006910335753824684,0.009084916935098187
WikiPathways_2024_Human,Sudden Infant Death Syndrome SIDS Susceptibility Pathways WP706,2,26,17.42584097859327,0.006910335753824684,0.009084916935098187
WikiPathways_2024_Human,Endometrial Cancer WP4155,2,26,17.42584097859327,0.006910335753824684,0.009084916935098187
KEGG_2021_Human,Hippo signaling pathway,2,26,17.42584097859327,0.006910335753824684,0.009084916935098187
WikiPathways_2024_Human,Hippo Merlin Signaling Dysregulation WP4541,2,26,17.42584097859327,0.006910335753824684,0.009084916935098187
GO_Biological_Process_2025,Regulation of Apoptotic Process (GO:0042981),3,81,8.070187876639489,0.0070710389153303445,0.009231634139459061
KEGG_2021_Human,Axon guidance,2,27,16.728440366972478,0.007439713289127131,0.00951473536296531
WikiPathways_2024_Human,Network Map Of SARS CoV 2 Signaling WP5115,2,27,16.728440366972478,0.007439713289127131,0.00951473536296531
WikiPathways_2024_Human,Osteoblast Differentiation And Related Diseases WP4787,2,27,16.728440366972478,0.007439713289127131,0.00951473536296531
GO_Biological_Process_2025,Positive Regulation of Programmed Cell Death (GO:0043068),2,28,16.08468595624559,0.007986835012395659,0.009878453831120947
WikiPathways_2024_Human,MicroRNAs In Cardiomyocyte Hypertrophy WP1544,2,28,16.08468595624559,0.007986835012395659,0.009878453831120947
KEGG_2021_Human,Non-small cell lung cancer,2,28,16.08468595624559,0.007986835012395659,0.009878453831120947
GO_Biological_Process_2025,Regulation of Cell Population Proliferation (GO:0042127),3,84,7.770779996586448,0.007814493187320153,0.009878453831120947
WikiPathways_2024_Human,Head And Neck Squamous Cell Carcinoma WP4674,2,28,16.08468595624559,0.007986835012395659,0.009878453831120947
GO_Biological_Process_2025,Regulation of Cell Growth (GO:0001558),2,29,15.488617057424397,0.008551519965290515,0.010507750022709914
KEGG_2021_Human,Chronic myeloid leukemia,2,30,14.935124508519005,0.009133588504051661,0.010937035915679696
KEGG_2021_Human,Melanoma,2,30,14.935124508519005,0.009133588504051661,0.010937035915679696
WikiPathways_2024_Human,Non Small Cell Lung Cancer WP4255,2,30,14.935124508519005,0.009133588504051661,0.010937035915679696
KEGG_2021_Human,Tuberculosis,2,30,14.935124508519005,0.009133588504051661,0.010937035915679696
KEGG_2021_Human,Transcriptional misregulation in cancer,2,31,14.41980385953812,0.009732862291142704,0.011508038432294518
WikiPathways_2024_Human,Melanoma WP4685,2,31,14.41980385953812,0.009732862291142704,0.011508038432294518
WikiPathways_2024_Human,Glioblastoma Signaling WP2261,2,33,13.488902042024268,0.010982318741495708,0.012824074058392504
KEGG_2021_Human,Prostate cancer,2,33,13.488902042024268,0.010982318741495708,0.012824074058392504
WikiPathways_2024_Human,DNA Damage Response Only ATM Dependent WP710,2,34,13.067087155963304,0.011632151186287527,0.013416223454123037
GO_Biological_Process_2025,Regulation of MAPK Cascade (GO:0043408),2,34,13.067087155963304,0.011632151186287527,0.013416223454123037
KEGG_2021_Human,HIF-1 signaling pathway,2,35,12.670836808451487,0.012298488426099747,0.014012823176404562
KEGG_2021_Human,Viral carcinogenesis,2,35,12.670836808451487,0.012298488426099747,0.014012823176404562
GO_Biological_Process_2025,Regulation of RNA Biosynthetic Process (GO:2001141),2,36,12.297895304910956,0.012981158530890446,0.014526534546472642
WikiPathways_2024_Human,Alzheimer 39 S Disease WP5124,2,36,12.297895304910956,0.012981158530890446,0.014526534546472642
WikiPathways_2024_Human,Alzheimer 39 S Disease And miRNA Effects WP2059,2,36,12.297895304910956,0.012981158530890446,0.014526534546472642
KEGG_2021_Human,Signaling pathways regulating pluripotency of stem cells,2,37,11.946264744429882,0.013679990827731511,0.014780679744905312
KEGG_2021_Human,Alzheimer disease,2,37,11.946264744429882,0.013679990827731511,0.014780679744905312
KEGG_2021_Human,Pancreatic cancer,2,37,11.946264744429882,0.013679990827731511,0.014780679744905312
KEGG_2021_Human,Lipid and atherosclerosis,2,37,11.946264744429882,0.013679990827731511,0.014780679744905312
GO_Biological_Process_2025,Intracellular Signaling Cassette (GO:0141124),2,37,11.946264744429882,0.013679990827731511,0.014780679744905312
GO_Biological_Process_2025,Positive Regulation of Apoptotic Process (GO:0043065),2,37,11.946264744429882,0.013679990827731511,0.014780679744905312
KEGG_2021_Human,FoxO signaling pathway,2,38,11.614169215086646,0.014394815892792174,0.015376280612755276
KEGG_2021_Human,Hepatitis C,2,38,11.614169215086646,0.014394815892792174,0.015376280612755276
GO_Biological_Process_2025,Positive Regulation of Cell Differentiation (GO:0045597),2,39,11.30002479543764,0.015125465543370157,0.016065466226856437
KEGG_2021_Human,Epstein-Barr virus infection,2,41,10.720065866854858,0.01663357202842671,0.01756804236710237
GO_Biological_Process_2025,DNA Damage Response (GO:0006974),2,42,10.45183486238532,0.017410698632080602,0.018184507460173072
WikiPathways_2024_Human,Pancreatic Adenocarcinoma Pathway WP4263,2,42,10.45183486238532,0.017410698632080602,0.018184507460173072
KEGG_2021_Human,Focal adhesion,2,43,10.1966882971582,0.018202989343992188,0.01880308789379413
WikiPathways_2024_Human,Focal Adhesion WP306,2,43,10.1966882971582,0.018202989343992188,0.01880308789379413
WikiPathways_2024_Human,Gastrin Signaling WP4659,2,44,9.953691568370468,0.01901028206920805,0.019529688683120838
GO_Biological_Process_2025,Positive Regulation of Cell Migration (GO:0030335),2,51,8.530425014042315,0.02506802042738219,0.025612977393194847
GO_Biological_Process_2025,Negative Regulation of Programmed Cell Death (GO:0043069),2,58,7.462975098296199,0.0317996141221943,0.032315283540392044
WikiPathways_2024_Human,Focal Adhesion PI3K Akt mTOR Signaling WP3932,2,60,7.205314773805758,0.03383951141940331,0.034203377133590444
WikiPathways_2024_Human,VEGFA VEGFR2 Signaling WP3888,2,71,6.0551788326020475,0.04591731843747104,0.04616286559489067
GO_Biological_Process_2025,Regulation of Gene Expression (GO:0010468),2,95,4.490184472723685,0.07663229323702841,0.07663229323702841
