category,incident,traditional_geo_workflow_default,this_workflow,committed_artifact
metadata errors detected,gate-(a) prose count transcribed wrong ("28 pass" vs computed 21 of 2,632),prose numbers rarely re-verified against artifacts,caught by artifact re-verification; append-only correction; paper re-stated,prereg/RUN_LOG.md (COUNT CORRECTION 2026-09-27T02:58)
metadata errors detected,series count stated as 16 vs 15 acquired,judge prompt propagated the error,corrected in judge prompt and paper before round dispatch,prereg/RUN_LOG.md (2026-09-27T08:5x entry; judge_rounds/02_prompt_gemini.txt)
metadata errors detected,judge-round tally mis-stated as 2/10 under a superseded rule,tally would have persisted,corrected append-only on parent correction; X-JUDGE-ROUNDS.md re-stated,prereg/RUN_LOG.md (TALLY CORRECTION 2026-09-27T08:56)
metadata errors detected,metric-basis error caught pre-commit (0.031),wrong metric basis would have shipped,fixed before commit; both readings preserved,prereg/RUN_LOG.md (2026-09-27 entry: "a metric-basis error caught and fixed before commit")
metadata errors detected,worked-example precision error (miR-629-5p p=2.5e-15 d=0.03 excluded by effect gate),example would mis-state the screen,caught while building 6b.2 worked examples; corrected,prereg/RUN_LOG.md (PRECISION CORRECTION 2026-09-27T08:11)
metadata errors detected,commit-message overclaim of a "9.6" section,overclaim would enter git history,corrected in the next commit; both messages visible,prereg/RUN_LOG.md (E1 PAPER FIX note re 1da8d2d)
sample mismatches,expression-matrix row order assumed to match metadata,row-order assumption silently mislabels samples,sample-level bijection that fails loudly on mismatch; column-label map committed,sources/GSE244827_column_label_map.csv; prereg/RUN_LOG.md (bijection entry)
sample mismatches,cohort-unpack bug mis-assigned cohorts (found 10:03),unpacked arrays trusted,bug fixed and rerun (495925d); both states in history,prereg/RUN_LOG.md (cohort-unpack bugfix note)
missing annotations recovered,miRTarBase v8.0 publisher URL dead,version silently swapped or analysis dropped,official file recovered via Internet Archive snapshot; version pinned; sha256 recorded,prereg/RUN_LOG.md (Wayback recovery entry); sources/services/mirtarbase/
missing annotations recovered,8 legacy miRNA symbols unmatched in current nomenclature,unmatched symbols dropped silently,legacy aliases resolved and kept (hsa-miR-375 / MIMAT0000728 documented),prereg/RUN_LOG.md (legacy symbols entry); paper 9.3
missing annotations recovered,SRA run relations absent from GEO series metadata,relations unresolved; raw-data link lost,per-series SRX/SRP resolution recorded in the crosswalks,sources/*_sample_crosswalk.csv (sra_relation column)
reproducibility failures prevented,latent NameError: enrichment() missing genes arg; prior version never executed,broken script would be cited as run,defect found by re-execution discipline; fixed; both scripts committed,prereg/RUN_LOG.md (script fixes entry)
reproducibility failures prevented,a run caught by sanity bounds produced impossible values,bad run could have been analyzed,caught; fixed; rerun; both runs' scripts committed,prereg/RUN_LOG.md (sanity-bounds entry)
reproducibility failures prevented,F3 join bug (hsa- prefix) dropped features post-run,partial join unexamined,fixed post-run; 10 F3 features re-joined to E1 top-20; disclosed,prereg/RUN_LOG.md (F3 join-bug entry)
reproducibility failures prevented,service drift and silent input changes,inputs assumed stable,716 records individually byte-verified with sha256 manifest,sources/services/EVIDENCE_SHA256.txt; paper section 3
