gene,folds_selected,mean_oof_cindex_drop,max_fold_drop,e1_discovery_frequency
hsa-miR-151a-3p,1,0.0212707006369426,0.0212707006369426,
hsa-miR-98-3p,1,0.0186337579617834,0.0186337579617834,
hsa-miR-6514-5p,1,0.0176549520766772,0.0176549520766772,
hsa-let-7i-5p,5,0.0173234270073291,0.0263833865814696,
hsa-miR-3605-5p,1,0.0169373134328358,0.0169373134328358,
hsa-miR-3135b,1,0.0146592356687898,0.0146592356687898,
hsa-miR-6513-3p,1,0.0138057324840764,0.0138057324840764,
hsa-miR-223-5p,1,0.0135382165605095,0.0135382165605095,
hsa-miR-204-5p,1,0.0110511182108626,0.0110511182108626,
hsa-miR-30a-3p,1,0.010552715654952,0.010552715654952,
hsa-miR-122-5p,5,0.0100669971847686,0.0365222929936305,0.465
hsa-miR-363-5p,1,0.0100254777070063,0.0100254777070063,
hsa-miR-181c-3p,1,0.0095399361022364,0.0095399361022364,
hsa-miR-885-5p,1,0.0094447761194029,0.0094447761194029,
hsa-miR-2115-3p,1,0.0076686567164179,0.0076686567164179,
hsa-miR-151a-5p,3,0.0070820866263501,0.0101853035143769,
hsa-miR-483-3p,4,0.0070177960951231,0.0147006369426751,
hsa-miR-1277-3p,3,0.0070076718319231,0.0153885350318471,
hsa-miR-1285-3p,2,0.006076223975663,0.0151014925373134,
hsa-miR-5189-3p,2,0.0059745222929936,0.0063312101910828,
hsa-miR-545-5p,1,0.0059649681528662,0.0059649681528662,
hsa-miR-548d-5p,1,0.00578025477707,0.00578025477707,
hsa-miR-27a-5p,5,0.0057500899604458,0.0117188498402555,
hsa-miR-142-5p,4,0.0057297478972326,0.0165159235668789,
hsa-let-7c-5p,5,0.0053063715892769,0.0163057324840764,
hsa-miR-493-5p,1,0.005220447284345,0.005220447284345,
hsa-miR-138-5p,1,0.0051791044776119,0.0051791044776119,
hsa-miR-6511b-3p,1,0.0050828025477707,0.0050828025477707,
hsa-miR-190a-5p,3,0.0048913996894508,0.0096974522292993,
hsa-miR-34c-5p,1,0.0047891373801916,0.0047891373801916,
hsa-miR-206,4,0.0047559839080173,0.0185940298507462,
hsa-miR-186-5p,2,0.0046656050955414,0.0094331210191082,
hsa-miR-30c-5p,5,0.0044373822813244,0.0079171974522292,
hsa-miR-651-5p,1,0.004332268370607,0.004332268370607,
hsa-miR-652-5p,5,0.0036533239137942,0.0133850746268656,
hsa-miR-629-5p,5,0.0033791096227213,0.0131624203821656,
hsa-miR-4433b-5p,2,0.0032583281674693,0.0147402985074626,
hsa-miR-26a-5p,5,0.0032340317034716,0.0111878980891719,
hsa-miR-30e-3p,5,0.0031171169649807,0.0095074626865671,
hsa-miR-144-5p,1,0.0030865671641791,0.0030865671641791,
hsa-miR-374a-5p,5,0.0029979062138281,0.0091582089552238,0.179
hsa-miR-15b-5p,1,0.0028726114649681,0.0028726114649681,
hsa-miR-200a-3p,1,0.0028535031847133,0.0028535031847133,
hsa-miR-205-5p,1,0.0028242811501597,0.0028242811501597,
hsa-miR-337-3p,1,0.0028089171974522,0.0028089171974522,
hsa-miR-379-5p,4,0.0027832968913394,0.005865671641791,
hsa-miR-155-5p,4,0.0026477699489164,0.0141850746268656,
hsa-let-7a-3p,1,0.0023373134328358,0.0023373134328358,
hsa-miR-338-3p,5,0.0022879598183357,0.01229392971246,
hsa-miR-299-3p,5,0.0022687882963643,0.0048917197452229,
hsa-miR-365a-3p,5,0.0021821251792359,0.0145522388059701,
hsa-miR-500a-5p,1,0.0021496815286624,0.0021496815286624,
hsa-miR-143-3p,5,0.0021355523110926,0.0174626865671641,
hsa-miR-223-3p,5,0.0021019974687519,0.0111462686567164,
hsa-miR-423-5p,5,0.0020708482657427,0.0035791044776119,
hsa-miR-193a-5p,1,0.0020541401273885,0.0020541401273885,
hsa-miR-574-3p,2,0.0020246934119212,0.0048805970149253,
hsa-miR-34a-5p,5,0.0017881908379998,0.0093375796178343,0.241
hsa-miR-181a-3p,2,0.0016371512586231,0.0031433121019108,
hsa-miR-374b-5p,5,0.0015713334368024,0.0065194029850746,
hsa-miR-200b-3p,1,0.0015668789808917,0.0015668789808917,
hsa-miR-877-5p,5,0.0014237105107538,0.010479233226837,
hsa-miR-20b-5p,4,0.0013933121019108,0.0047515923566878,
hsa-miR-126-3p,5,0.0013686169223073,0.0085477707006369,
hsa-miR-320a-3p,5,0.0013532103751404,0.0213025477707006,
hsa-miR-660-5p,1,0.0013223880597014,0.0013223880597014,
hsa-miR-23a-3p,4,0.001299752243544,0.0030254777070063,
hsa-miR-30a-5p,5,0.0012429038280646,0.0116328358208955,
hsa-miR-17-3p,5,0.0012344472485054,0.0036050955414012,
hsa-miR-122b-5p,5,0.0012227019417472,0.0081019108280254,
hsa-miR-374b-3p,4,0.0011631310010457,0.0068407643312101,
hsa-miR-1-3p,5,0.0011498368538658,0.0108598726114649,0.539
hsa-miR-625-3p,2,0.001136713742089,0.0024171974522292,
hsa-let-7f-5p,5,0.0011288068539903,0.0183471337579617,
hsa-miR-28-5p,5,0.0010985857691862,0.0087898089171974,0.194
hsa-miR-197-3p,2,0.0010899096477482,0.0044632587859424,
hsa-miR-200c-3p,5,0.0010335548909367,0.0050543130990415,
hsa-miR-454-3p,5,0.0010333038193173,0.0189671641791044,
hsa-miR-766-3p,5,0.0009832341052111,0.0129611940298507,
hsa-miR-324-5p,4,0.0009570824222834,0.0025414012738853,
hsa-miR-374a-3p,1,0.0009299363057324,0.0009299363057324,
hsa-miR-191-5p,5,0.0008647147729333,0.0069424920127795,
hsa-miR-652-3p,5,0.0008612937611448,0.005608280254777,
hsa-miR-486-5p,5,0.0007824060341745,0.0219777070063694,
hsa-miR-4732-5p,1,0.0007770700636942,0.0007770700636942,
hsa-miR-4508,2,0.0007425610799505,0.0037388535031847,
hsa-miR-93-5p,5,0.0007017571186415,0.0022477611940298,
hsa-miR-2110,1,0.0006624203821656,0.0006624203821656,
hsa-miR-494-3p,1,0.0006059701492537,0.0006059701492537,
hsa-miR-450a-5p,5,0.0005851068035415,0.0068146964856229,
hsa-miR-1976,1,0.0004745222929936,0.0004745222929936,
hsa-miR-4435,4,0.0004586089009177,0.0019235668789808,
hsa-miR-30b-5p,4,0.0004337270653103,0.0043917197452229,
hsa-miR-199a-5p,3,0.0004207592610197,0.0038439490445859,
hsa-miR-215-5p,2,0.0004159357766427,0.000624203821656,
hsa-miR-27b-5p,2,0.0004124203821656,0.0010254777070063,
hsa-miR-144-3p,5,0.0003808009119053,0.0060859872611464,
hsa-miR-1307-3p,5,0.0002283287111379,0.0058402555910542,
hsa-miR-214-3p,5,0.0001974216016233,0.0032707006369426,
hsa-miR-769-5p,4,0.0001428990124973,0.0072567164179104,
hsa-miR-409-5p,1,0.0001369426751592,0.0001369426751592,
hsa-miR-301a-3p,2,7.565357923757063e-05,0.0033184713375796,
hsa-miR-217-5p,1,0.0,0.0,
hsa-miR-5589-5p,1,-2.86624203821656e-05,-2.86624203821656e-05,
hsa-miR-181c-5p,5,-6.459149076659841e-05,0.0146149253731343,
hsa-miR-145-3p,5,-8.692376824896787e-05,0.0044968152866242,
hsa-miR-1255a,5,-9.065762941666694e-05,0.010664536741214,
hsa-miR-409-3p,4,-0.0001129174212979,0.0018535031847133,
hsa-miR-103a-3p,5,-0.0002486193824836,0.0028726114649681,
hsa-miR-451a,1,-0.0003057324840764,-0.0003057324840764,
hsa-miR-3200-5p,4,-0.0003223666698355,0.0022805970149253,
hsa-miR-130b-5p,4,-0.0003637721047597,0.0061022364217252,
hsa-miR-24-3p,5,-0.0004631783047684,0.0090358208955223,
hsa-miR-23b-3p,4,-0.0006926081194321,0.0093492537313432,
hsa-miR-222-3p,1,-0.0007292993630573,-0.0007292993630573,
hsa-miR-139-5p,5,-0.000737825671909,0.0122447761194029,
hsa-miR-106b-3p,3,-0.0008562410875558,0.0034904458598726,
hsa-let-7g-5p,3,-0.0008653073230943,0.0040894568690095,
hsa-miR-181d-5p,1,-0.0009253731343283,-0.0009253731343283,
hsa-miR-1301-3p,1,-0.0009745222929936,-0.0009745222929936,
hsa-miR-18a-5p,5,-0.001000687355028,0.003296178343949,0.115
hsa-miR-182-5p,5,-0.0010170575441305,0.0097292993630573,
hsa-miR-142-3p,5,-0.0011449867833863,0.0096114649681528,
hsa-miR-744-5p,5,-0.0011785627224978,0.0013582089552238,0.234
hsa-miR-98-5p,4,-0.0013110065097479,0.0038238805970149,
hsa-miR-30e-5p,1,-0.0013885350318471,-0.0013885350318471,
hsa-miR-362-5p,2,-0.0014028662420382,0.0044649681528662,
hsa-miR-3163,1,-0.0014895522388059,-0.0014895522388059,
hsa-miR-30c-1-3p,3,-0.0015848217855392,0.0002805970149253,
hsa-miR-20a-3p,4,-0.0016507795417815,0.0014044585987261,
hsa-miR-26b-5p,5,-0.0016716521966792,0.0014745222929936,
hsa-miR-145-5p,5,-0.0017452515651732,0.0027699680511181,
hsa-miR-199b-5p,5,-0.0017896341414151,0.0116447761194029,
hsa-miR-141-3p,1,-0.0019968051118211,-0.0019968051118211,0.258
hsa-miR-1294,2,-0.0020111464968152,0.0099904458598726,
hsa-miR-146b-5p,2,-0.0020646557864105,-0.0005254777070063,
hsa-miR-130a-3p,3,-0.0021522280945853,0.0063354632587859,
hsa-miR-411-5p,3,-0.0021902077694796,0.0005605095541401,
hsa-miR-542-3p,2,-0.0022212968804053,0.0060255591054312,
hsa-miR-3960,2,-0.0022916149447508,-0.0004490445859872,
hsa-miR-26a-1-3p,3,-0.0022975377887631,0.000764331210191,
hsa-miR-376b-3p,5,-0.0024322698224147,0.0031783439490445,
hsa-miR-224-5p,5,-0.0028481517363833,0.0062898089171974,
hsa-miR-125a-5p,5,-0.0029635860683558,0.0017929936305732,
hsa-miR-4685-3p,1,-0.0031050955414012,-0.0031050955414012,
hsa-miR-429,5,-0.00317696990111,0.0008945686900958,
hsa-miR-487b-3p,1,-0.003265671641791,-0.003265671641791,
hsa-miR-190b-5p,1,-0.0035222929936305,-0.0035222929936305,
hsa-miR-556-5p,1,-0.0036273885350318,-0.0036273885350318,
hsa-miR-450b-5p,1,-0.0036337579617834,-0.0036337579617834,
hsa-miR-628-5p,5,-0.0037899954289317,0.0027707006369426,
hsa-miR-140-5p,3,-0.0039138194175942,0.0018535031847133,
hsa-miR-208b-3p,1,-0.0040063897763578,-0.0040063897763578,
hsa-miR-6803-3p,3,-0.0040336243327025,0.000452229299363,
hsa-miR-99a-5p,2,-0.0040421287723082,-0.0004568690095846,0.163
hsa-miR-556-3p,1,-0.0040859872611464,-0.0040859872611464,
hsa-miR-6516-5p,3,-0.004114768387565,-0.0034617834394904,
hsa-miR-16-5p,2,-0.0045139478327213,-0.0028338658146965,
hsa-miR-4446-3p,1,-0.0047165605095541,-0.0047165605095541,
hsa-miR-641,1,-0.0050796178343949,-0.0050796178343949,
hsa-let-7e-5p,1,-0.0052460063897763,-0.0052460063897763,0.218
hsa-miR-590-3p,3,-0.006001555914694,0.0004507462686567,
hsa-miR-517a-3p,1,-0.0065764331210191,-0.0065764331210191,
hsa-let-7a-5p,2,-0.0073293214438987,0.0007343283582089,
hsa-miR-548ax,1,-0.0078658146964856,-0.0078658146964856,
hsa-miR-548g-5p,1,-0.0080541401273885,-0.0080541401273885,
hsa-miR-545-3p,1,-0.0082179104477611,-0.0082179104477611,
hsa-miR-125b-5p,5,-0.0095564187426555,0.0012866242038216,
hsa-miR-4286,1,-0.010608280254777,-0.010608280254777,
hsa-miR-199a-3p,1,-0.0128630573248407,-0.0128630573248407,
