label,n_targets_mapped,frac_DE,null_mean,p,mirna,fdr
miR-182-5p|blood_GSE244827,4956,0.006860371267150928,0.004748809523809522,0.019998000199980003,miR-182-5p,0.021619459675654058
miR-182-5p|hipsc_GSE203525,4875,0.22523076923076923,0.1203545846153846,9.999000099990002e-05,miR-182-5p,0.00011763529529400001
miR-1-3p|blood_GSE244827,644,0.062111801242236024,0.024782142857142857,9.999000099990002e-05,miR-1-3p,0.00011763529529400001
miR-1-3p|hipsc_GSE203525,641,0.19032761310452417,0.06800717628705148,9.999000099990002e-05,miR-1-3p,0.00011763529529400001
miR-206|blood_GSE244827,4742,0.0063264445381695485,0.004759784900885702,0.0670932906709329,miR-206,0.07062451649571884
miR-206|hipsc_GSE203525,4653,0.22093273157102944,0.12040414786159467,9.999000099990002e-05,miR-206,0.00011763529529400001
miR-30c-5p|blood_GSE244827,3402,0.05790711346266902,0.024721369782480893,9.999000099990002e-05,miR-30c-5p,0.00011763529529400001
miR-30c-5p|hipsc_GSE203525,3337,0.19838178004195386,0.06780086904405154,9.999000099990002e-05,miR-30c-5p,0.00011763529529400001
miR-1294|blood_GSE244827,6466,0.05784101453758119,0.024739591710485617,9.999000099990002e-05,miR-1294,0.00011763529529400001
miR-1294|hipsc_GSE203525,6338,0.17544966866519407,0.06785992426633007,9.999000099990002e-05,miR-1294,0.00011763529529400001
miR-125b-5p|blood_GSE244827,6110,0.04893617021276596,0.024755941080196398,9.999000099990002e-05,miR-125b-5p,0.00011763529529400001
miR-125b-5p|hipsc_GSE203525,5988,0.19121576486305944,0.06785893453573814,9.999000099990002e-05,miR-125b-5p,0.00011763529529400001
miR-125a-5p|blood_GSE244827,6849,0.008760402978537012,0.004724003504161191,9.999000099990002e-05,miR-125a-5p,0.00011763529529400001
miR-125a-5p|hipsc_GSE203525,6712,0.21111442193087007,0.12038455005959477,9.999000099990002e-05,miR-125a-5p,0.00011763529529400001
miR-374b-5p|blood_GSE244827,481,0.014553014553014554,0.004724116424116424,0.0081991800819918,miR-374b-5p,0.009110200091102002
miR-374b-5p|hipsc_GSE203525,470,0.2148936170212766,0.12014617021276594,9.999000099990002e-05,miR-374b-5p,0.00011763529529400001
miR-199b-5p|blood_GSE244827,4357,0.008951113151250861,0.004747303190268532,9.999000099990002e-05,miR-199b-5p,0.00011763529529400001
miR-199b-5p|hipsc_GSE203525,4286,0.22305179654689689,0.12037783481101255,9.999000099990002e-05,miR-199b-5p,0.00011763529529400001
miR-145-5p|blood_GSE244827,7377,0.05096922868374678,0.024718340788938593,9.999000099990002e-05,miR-145-5p,0.00011763529529400001
miR-145-5p|hipsc_GSE203525,7213,0.17884375433245528,0.06786606127824761,9.999000099990002e-05,miR-145-5p,0.00011763529529400001
miR-20a-3p|blood_GSE244827,2382,0.006717044500419815,0.0047637279596977325,0.10228977102289771,miR-20a-3p,0.10491258566451048
miR-20a-3p|hipsc_GSE203525,2336,0.2268835616438356,0.12047059075342466,9.999000099990002e-05,miR-20a-3p,0.00011763529529400001
miR-769-5p|blood_GSE244827,8059,0.009058195805931257,0.004740538528353395,9.999000099990002e-05,miR-769-5p,0.00011763529529400001
miR-769-5p|hipsc_GSE203525,7877,0.2149295417036943,0.12039233210613179,9.999000099990002e-05,miR-769-5p,0.00011763529529400001
miR-1285-3p|blood_GSE244827,6789,0.057445868316394165,0.024760642215348357,9.999000099990002e-05,miR-1285-3p,0.00011763529529400001
miR-1285-3p|hipsc_GSE203525,6670,0.17961019490254873,0.06784943028485757,9.999000099990002e-05,miR-1285-3p,0.00011763529529400001
miR-192-5p|blood_GSE244827,2332,0.05917667238421955,0.024792924528301886,9.999000099990002e-05,miR-192-5p,0.00011763529529400001
miR-192-5p|hipsc_GSE203525,2294,0.1979075850043592,0.06795422842197037,9.999000099990002e-05,miR-192-5p,0.00011763529529400001
miR-122-5p|blood_GSE244827,5900,0.05830508474576271,0.024756237288135596,9.999000099990002e-05,miR-122-5p,0.00011763529529400001
miR-122-5p|hipsc_GSE203525,5804,0.1848725017229497,0.06784419365954515,9.999000099990002e-05,miR-122-5p,0.00011763529529400001
miR-223-5p|blood_GSE244827,2028,0.004437869822485207,0.004738313609467456,0.6234376562343765,miR-223-5p,0.6234376562343765
miR-223-5p|hipsc_GSE203525,1992,0.24096385542168675,0.12036224899598393,9.999000099990002e-05,miR-223-5p,0.00011763529529400001
miR-651-5p|blood_GSE244827,1556,0.06555269922879177,0.02470179948586118,9.999000099990002e-05,miR-651-5p,0.00011763529529400001
miR-651-5p|hipsc_GSE203525,1530,0.18169934640522875,0.06783915032679738,9.999000099990002e-05,miR-651-5p,0.00011763529529400001
miR-194-5p|blood_GSE244827,3158,0.05161494616846105,0.024717764407853074,9.999000099990002e-05,miR-194-5p,0.00011763529529400001
miR-194-5p|hipsc_GSE203525,3099,0.19554695062923524,0.06777734753146177,9.999000099990002e-05,miR-194-5p,0.00011763529529400001
miR-375-3p|blood_GSE244827,3524,0.009364358683314415,0.004741032917139614,0.0004999500049995,miR-375-3p,0.0005713714342851429
miR-375-3p|hipsc_GSE203525,3440,0.22645348837209303,0.12032125,9.999000099990002e-05,miR-375-3p,0.00011763529529400001
miR-1301-3p|blood_GSE244827,7590,0.008959156785243741,0.004734202898550724,9.999000099990002e-05,miR-1301-3p,0.00011763529529400001
miR-1301-3p|hipsc_GSE203525,7447,0.21310594870417618,0.12037549348731032,9.999000099990002e-05,miR-1301-3p,0.00011763529529400001
