rank,mirna,cohort_pass_frac,string_centrality_norm,e2_direction_score,disease_proximity_norm,n_subscores,composite,core6
1,miR-192-5p,1.0,0.923,1.0,0.22,4,0.7857,True
2,miR-1-3p,1.0,0.698,1.0,0.395,4,0.7731,True
3,miR-30c-5p,1.0,1.0,0.75,0.282,4,0.758,True
4,miR-194-5p,1.0,0.84,0.75,0.304,4,0.7237,True
5,miR-145-5p,1.0,0.697,0.75,0.23,4,0.6692,True
6,miR-769-5p,0.5,NA,0.5,1.0,3,0.6667,False
7,miR-122-5p,1.0,0.577,0.75,0.313,4,0.6601,True
8,miR-125a-5p,0.5,NA,0.75,0.451,3,0.567,False
9,miR-20a-3p,0.5,NA,0.5,0.6,3,0.5333,False
10,miR-223-5p,0.5,NA,0.5,0.4,3,0.4667,False
11,miR-199b-5p,0.5,NA,0.5,0.25,3,0.4167,False
12,miR-182-5p,0.5,NA,0.5,0.216,3,0.4052,False
13,miR-125b-5p,0.5,NA,0.5,0.193,3,0.3978,False
14,miR-375-3p,0.5,NA,0.5,0.0,3,0.3333,False
15,miR-1301-3p,0.5,NA,0.5,0.0,3,0.3333,False
16,miR-1285-3p,0.5,NA,0.25,0.0,3,0.25,False
17,miR-1294,0.5,NA,0.25,0.0,3,0.25,False
18,miR-374b-5p,0.0,NA,0.25,0.5,3,0.25,False
19,miR-651-5p,0.5,NA,0.25,0.0,3,0.25,False
20,miR-206,0.0,NA,0.25,0.242,3,0.1641,False
