prefix,y,oof_score,oof_p_ge1,oof_p_ge2,oof_p_ge3
C1,0,2.427709035711146,0.9834814500582826,0.4436730109064582,0.0005545747464053062
C2,0,1.0645046355251584,0.06287221299340937,0.001432512339398622,0.00019991019235033645
C5,0,1.9945540656470286,0.9927536457028497,9.239262945090046e-08,0.0018003275515493533
C6,0,1.9815038996847463,0.9800682389732691,0.0014166104236605322,1.905028781665835e-05
OMG8,0,1.023380116506706,0.004456400105070377,0.0148032683251663,0.004120448076469431
OMG9,0,2.1083039767151077,0.2714648826634664,0.8098689471498416,0.026970146901799764
OMG10,0,1.2927839547114592,0.01782265970388696,0.10136246277695561,0.17359883223061667
OMG11,0,1.076649282554208,0.00513244650855738,0.05401958125534888,0.0174972547903017
OMG12,0,1.1482049777854275,0.0006339534606217307,0.12264398443795052,0.024927039886855292
OMG15,0,1.3049675905922806,0.05413089644301812,0.25070850791764276,0.0001281862316198001
OMG16,0,1.0340156256267703,0.004019848991343481,0.029607480910773865,0.00038829572465289854
OMG19,0,1.425925897390481,0.09211054365793614,0.269459075472531,0.0643562782600139
OMG23,0,1.0184472728906322,0.015181645115778231,0.0014660419596762768,0.0017995858151777227
OMG26,0,1.2483038633107113,0.02933553135045251,0.19625187278220027,0.022716459178058618
OMG28,0,1.4451961832224347,0.27976122580760693,0.11515748074614116,0.05027747666868659
OMG29,0,1.0032593496127775,0.0027966919950831105,4.161906045525664e-05,0.00042103855723905524
OMG30,0,1.4720111868272576,0.11231227573353793,0.16453164756793015,0.1951672635257895
OMG31,0,1.1117613648614975,0.09954445299600978,0.007517393290646504,0.0046995185748410695
OMG32,0,1.011342816464671,0.0007535234129914024,0.010075080800647389,0.0005142122510321217
OMG34,0,1.0075925606325415,0.006172719719535374,0.000847022066837887,0.0005728188461682529
OMG36,0,1.0072572474124575,0.004352463767820841,0.0016063835223680764,0.0012984001222685082
OMG39,0,1.0052649178450024,0.0011310822367526412,6.904157839028825e-05,0.004064794029859516
OMG40,0,1.2980506390564712,0.07248758349796107,0.0024219713212202208,0.22314108423729007
OMG41,0,1.2697915505108377,0.12779082778230116,0.13665839872861743,0.005342323999919132
OMG42,0,1.318771516746031,0.20311005429747866,0.10603196705600762,0.009629495392544653
OMG44,0,1.7460715681345893,0.745999214548248,6.687766207399677e-05,5.475924267218899e-06
OMG45,0,1.0237128468007015,0.018341558597028202,0.004725403849068861,0.0006458843546045407
OMG46,0,1.0516605868800162,0.0515051694627244,1.774484661177038e-05,0.000137672570680048
OMG48,0,1.2878381867620883,0.00993064550677422,0.24012569641784343,0.03778184483747066
OMG49,0,1.0102688190492073,7.465549076015614e-05,0.003846288864088549,0.006347874694358675
OMG50,0,1.3462333923697438,0.0002888679346949705,0.0013763596296314101,0.34456816480541747
OMG53,0,1.0026431592416347,0.002640204271521477,2.362716260940522e-06,5.922538522408908e-07
OMG54,0,1.3437318462282248,0.22798348075354904,0.07663490698138695,0.0391134584932888
OMG70,0,1.4108842758019562,0.04757827723052117,0.35328254568583123,0.010023452885603756
OMG72,0,1.2258692025298836,0.17881940361949958,0.0013505022329435364,0.04569929667744045
OMG73,0,1.528767242070331,0.09781283783152761,0.42023227051037315,0.010722133728430413
OMG74,0,1.1310035844990827,0.06977993702463305,0.06110999218156538,0.00011365529288418531
OMG79,0,1.1333902719717044,0.006214232254895742,0.005990716694695989,0.12118532302211259
OMG80,0,1.187164665858833,0.009012846016088467,0.17236956335552156,0.005782256487223077
OMG87,0,1.005335199146062,0.00218397990990061,9.511957871541405e-05,0.003056099657445877
OMG88,0,1.1188991307294196,0.016425903227127454,0.004466732782764021,0.09800649471952809
OMG93,0,1.9629764807654593,0.4927061431654996,0.4550649683048239,0.015205369295135586
OM3,1,2.9114943415985612,0.9999851059435904,0.6676195514973158,0.24388968415765527
OM18,1,2.0158036024776846,0.9995169178662663,0.00875103327910864,0.007535651332309478
OM19,1,2.6508909356793966,0.9999737400635929,0.5717388353157093,0.07917836030009424
OM26,1,2.6926368867314783,0.9999932856959919,0.2508631814385214,0.44178041959696496
OM30,1,2.2878296346499756,0.9997130034565554,0.2836487479683656,0.004467883225054148
OM32,1,3.979854113558278,0.9999974626038421,0.985467341524229,0.9943893094302069
OM36,1,2.8827277690372695,0.9753163738652977,0.8305569347027535,0.07685446046921811
OM41,1,2.9483370047628092,0.9748597343544889,0.82171486382999,0.15176240657832998
OM45,1,2.8857524709098614,0.9980279586515962,0.8873376609067608,0.0003868513515046339
OM56,1,1.9998648558190586,0.9976611879264904,0.0005704981497480422,0.0016331697428200937
OM58,1,1.9868295050382834,0.9525967798284615,0.032435607772882236,0.0017971174369397125
OM59,1,2.016223994691396,0.9979243250402328,0.012179534704835172,0.006120134946327967
OM64,1,2.9853795479185363,0.9998137435574573,0.9767616470772094,0.008804157283869558
OM67,1,2.006261761613241,0.9934389586560625,0.007066268748916613,0.0057565342082623325
OM70,1,3.0873211122680164,0.9999843003318707,0.5689159447566521,0.5184208671794938
OM80,1,1.8674689285591075,0.8565533692061932,0.00018344191375930014,0.010732117439154927
OM82,1,2.6939772896369876,0.9089727862577448,0.6921265641656715,0.09287793921357126
OM93,1,3.0688230953643405,0.9924306744131087,0.9985773580986566,0.07781506285257547
OM106,1,3.030471862544403,0.9973670161430748,0.8420517498831899,0.19105309651813815
OM114,1,2.061510256914299,0.98122337464099,0.07767358007718303,0.00261330219612595
OM115,1,2.5799219329746332,0.5271362193897028,0.18539435395494724,0.8673913596299831
OM116,1,2.092081456545157,0.9941649655745991,0.03997478197779727,0.05794170899276076
OM123,1,3.176763218931214,0.6313141352191832,0.9964066720602753,0.5490424116517553
OM125,1,2.8715139490002928,0.999888035289927,0.7207677580839741,0.15085815562639154
OM134,1,2.9125658923143227,0.9946198505138241,0.6769357076361621,0.24101033416433665
OM144,1,2.5203208794348235,0.8695945419592955,0.45474219458707577,0.19598414288845212
OM151,1,2.9728318787251995,0.9974221825869767,0.9179932039328705,0.05741649220535211
OM159,1,2.2405731387495025,0.9877920634406815,0.24406604881651928,0.008715026492301778
OM174,1,2.791682707812081,0.9762888327262954,0.8152293367360711,0.0001645383497146447
OM176,1,2.9542280387824293,0.9963672974282182,0.9100887197945392,0.047772021559672175
OM179,1,2.9748466336679327,0.9170131261249022,0.9794212256022343,0.07841228194079591
OM181,1,2.831297671676813,0.9965791057433928,0.5940625634769869,0.24065600245643348
OM199,1,2.471433539570931,0.9938042101338684,0.4533604900497408,0.024268839387321703
OM204,1,1.9982815917843142,0.9761048022170671,0.0021192628172400424,0.020057526750007073
OM207,1,2.64139207625064,0.9970645927017959,0.6327399302403848,0.011587553308459647
OM209,1,2.0987584736423712,0.9543177447894874,0.14127412260543787,0.0031666062474461293
OM212,1,3.8108598768546713,0.9434361812395204,0.9955362575451274,0.8718874380700237
OM4,2,3.964995785808669,0.999985723278954,0.9969389834470479,0.9680710790826672
OM6,2,2.105641336978258,0.9999643558883348,0.08832872090485194,0.017348260185071455
OM15,2,2.0746378264837393,0.9997338637574711,0.07473963365482894,0.00016432907143939656
OM17,2,3.4831896835994196,0.999963883664831,0.9582656432805085,0.52496015665408
OM20,2,2.8712178276679268,0.9999992295110273,0.8573843275916202,0.013834270565279423
OM21,2,2.005507372478133,0.9993076581309097,0.0027775460323670974,0.0034221683148560247
OM28,2,3.395968830611573,0.9997968225089845,0.9483947093315723,0.447777298771016
OM34,2,2.24246359311113,0.9922058519192241,0.24045487956190054,0.00980286163000509
OM38,2,2.6709593035622126,0.9966984641559332,0.02434365886716023,0.6499171805391192
OM42,2,2.7286468622034654,0.9993469043323914,0.7172454052293026,0.012054552641771786
OM44,2,3.0460289741008837,0.9050421420243437,0.7961795102000047,0.3448073218765353
OM49,2,2.3686246078653888,0.9824253262765457,0.38095622554866176,0.005243056040181265
OM50,2,3.030632230210746,0.9383375049946711,0.9755265913082196,0.11676813390785486
OM54,2,2.6895590531328444,0.9996783924352108,0.6245022703020641,0.06537839039556964
OM55,2,1.9520802921194016,0.8764191853595101,0.07520614481905762,0.00045496194083382137
OM68,2,1.265514005113108,0.16764960061982423,0.09678802264150681,0.0010763818517769172
OM71,2,2.9559351595892487,0.9881492216401051,0.8030144352503961,0.16477150269874766
OM76,2,2.083553094676212,0.998658894618614,0.013556990885149282,0.07133720917244889
OM85,2,3.779475652242732,0.9942332202875673,0.8809716542005025,0.904270777754662
OM86,2,3.785996842307827,0.9971002448538484,0.8153999360632591,0.9734966613907196
OM94,2,2.580291414339951,0.9999793435120785,0.4711645509984746,0.10914751982939812
OM99,2,2.009959494993595,0.9994767397453367,0.004291285109157174,0.006191470139100792
OM109,2,2.181501499527431,0.999944852397382,0.18122151712236872,0.00033513000768044824
OM112,2,2.2711214895694676,0.995698516969751,0.2434821224236355,0.031940850176081365
OM130,2,3.8663377558632455,0.9990871156199477,0.9996833891740993,0.8675672510691985
OM143,2,2.949942943680168,0.981451582271298,0.7753379713648478,0.1931533900440223
OM146,2,3.512046774740399,0.979840365359047,0.9776453122555758,0.5545610971257763
OM153,2,3.1476957908845735,0.9980533627075541,0.9813962067188174,0.1682462214582019
OM158,2,3.874936371040768,0.9998784995252188,0.9971209716406764,0.8779368998748727
OM162,2,1.0855816534775002,0.08557538168417284,6.144092958508317e-06,1.2770036889321959e-07
OM173,2,2.5809213927698256,0.9998075851170772,0.2879116730573642,0.29320213459538397
OM175,2,2.9887721804836787,0.9866832982014403,0.41311256251241807,0.5889763197698206
OM182,2,3.008294583601933,0.9992956861092909,0.9811777868224235,0.02782111067021842
OM184,2,2.4507204573398487,0.9996815294364815,0.44566739142780865,0.005371536475558468
OM185,2,2.9174001738412696,0.9993687945316296,0.5701318249017697,0.3478995544078701
OM203,2,2.2372673216396133,0.9675682024579088,0.2696985563781221,5.628035824905313e-07
OM205,2,2.754707764468975,0.9987367431652919,0.6986867299358527,0.05728429136783067
OM1,3,2.1450239972588623,0.9998962652316772,0.13675842810557093,0.008369303921613919
OM2,3,2.9649545497742897,0.9999818783454054,0.8818384138053175,0.08313425762356683
OM5,3,3.9509846412474365,0.9999963607512931,0.9931765859041174,0.9578116945920261
OM10,3,3.8894612818803997,0.9996106387979419,0.9121499342506886,0.9777007088317694
OM33,3,2.691972990608568,0.9996260206592119,0.011687390384145497,0.6806595795652105
OM37,3,2.9257428663798293,0.9585310619860882,0.15714840818089287,0.8100633962128484
OM39,3,2.9286749170318522,0.9996794738890163,0.868699910110975,0.06029553303186054
OM40,3,2.861250980152997,0.9482232464709253,0.887802785920473,0.0252249477615984
OM51,3,3.016777268799052,0.9995162965043235,0.9956958890040526,0.021565083290675788
OM60,3,2.1190479513779223,0.9928539629859676,0.02240740067336783,0.10378658771858665
OM74,3,2.996367729111477,0.999903046010705,0.9964347589462945,2.992415447766252e-05
OM78,3,3.6285467757726786,0.9173926427736432,0.8230538745590605,0.8881002584399748
OM81,3,2.8784687287581665,0.983915843771004,0.8814910406048064,0.01306184438235625
OM84,3,2.1095728984744815,0.8328048359184385,0.26260240654080563,0.014165656015237206
OM90,3,2.240338143227264,0.999095737855589,0.15837711245235603,0.08286529291931934
OM91,3,3.900924701240892,0.9994951823331806,0.9784298443879123,0.9229996745197993
OM92,3,2.717515151783971,0.9990442586716681,0.1635407397671758,0.5549301533451272
OM96,3,3.0385883434447605,0.9980073873241142,0.9736014526301681,0.06697950349047793
OM104,3,3.9238419090393024,0.9999764465623692,0.982058529366955,0.9418069331099784
OM108,3,2.268470945291233,0.9969250496142597,0.2498410211385637,0.021704874538409556
OM122,3,2.159364967323002,0.9999381047540286,0.13203510537072363,0.02739175719825035
OM129,3,3.5228846582703826,0.9936499834450288,0.805251116490543,0.723983558334811
OM137,3,3.330071739572331,0.9964132227204147,0.8971950747449323,0.43646344210698435
OM148,3,2.127208878197263,0.9940276179211898,0.13258177297502172,0.0005994873010514854
OM149,3,2.1011334485439574,0.763018442392006,0.1844234957567839,0.15369151039516757
OM156,3,3.6955763930088135,0.9865695104209302,0.9998993971150875,0.7091074854727957
OM160,3,1.0530085530347013,0.04363334275935979,0.009374060641447418,1.1496338940665475e-06
OM186,3,1.989871337783067,0.9706972106096039,0.01880831984926342,0.00036580732419969823
OM194,3,2.4089526118144016,0.9780510085349868,0.17993808031734213,0.25096352296207247
OM217,3,3.9515354613405833,0.9996455392884895,0.9640241538447859,0.9878657682073075
