miRNA,core6,gateA_FDR,cliff_d,cardiac_frac_FDR,blood_frac_FDR,E1_freq,E2_DS,F10_cardiac,F10_blood,F7_rank,novelty
miR-182-5p,False,4.0e-08,-0.67,0.207 (6.7e-04),0.006 (6.8e-01),<0.115,0.5,n,n,12,novel
miR-1-3p,True,2.2e-05,0.57,0.283 (2.5e-04),0.054 (2.5e-04),0.539,1.0,Y,n,2,novel
miR-206,False,2.9e-05,-1.35,0.148 (2.8e-01),0.009 (5.2e-01),<0.115,0.25,n,n,20,novel
miR-30c-5p,True,8.5e-05,1.76,0.260 (2.5e-04),0.047 (4.7e-03),<0.115,0.75,Y,n,3,novel
miR-1294,False,1.7e-04,0.65,0.283 (2.5e-04),0.018 (8.2e-01),<0.115,0.25,n,n,17,novel
miR-125b-5p,False,2.2e-04,0.61,0.223 (2.5e-04),0.034 (2.0e-01),<0.115,0.5,n,n,13,novel
miR-125a-5p,False,2.6e-04,-0.6,0.190 (1.9e-03),0.016 (5.1e-02),<0.115,0.75,n,n,8,novel
miR-374b-5p,False,2.7e-04,-1.16,0.158 (7.2e-02),0.004 (7.6e-01),<0.115,0.25,n,n,18,novel
miR-199b-5p,False,1.1e-03,-1.63,0.218 (4.7e-03),0.018 (1.4e-01),<0.115,0.5,n,n,11,REPORTED
miR-145-5p,True,5.3e-03,1.68,0.265 (2.5e-04),0.057 (9.7e-03),<0.115,0.75,n,n,5,REPORTED
miR-20a-3p,False,7.0e-03,-0.59,0.239 (3.6e-03),0.000 (1.0e+00),<0.115,0.5,n,n,9,novel
miR-769-5p,False,8.8e-03,-1.5,0.246 (2.5e-04),0.000 (1.0e+00),<0.115,0.5,Y,n,6,novel
miR-1285-3p,False,9.1e-03,3.82,0.210 (2.5e-04),0.040 (1.4e-01),<0.115,0.25,n,n,16,novel
miR-192-5p,True,1.1e-02,0.87,0.188 (2.5e-04),0.096 (2.5e-04),0.682,1.0,n,Y,1,novel
miR-122-5p,True,1.6e-02,0.61,0.231 (2.5e-04),0.051 (2.5e-04),0.465,0.75,n,n,7,novel
miR-223-5p,False,1.8e-02,-0.62,0.219 (2.5e-04),0.000 (1.0e+00),<0.115,0.5,n,n,10,REPORTED
miR-651-5p,False,2.1e-02,0.6,0.262 (2.5e-04),0.018 (8.2e-01),<0.115,0.25,n,n,19,novel
miR-194-5p,True,3.3e-02,0.99,0.290 (2.5e-04),0.068 (3.7e-02),0.515,0.75,Y,n,4,novel
miR-375-3p,False,4.6e-02,-0.64,0.210 (2.5e-04),0.006 (4.6e-01),<0.115,0.5,n,n,14,novel
miR-1301-3p,False,4.6e-02,-1.49,0.203 (4.7e-04),0.011 (3.0e-01),<0.115,0.5,n,n,15,novel
